condition,dev_ade_m,seed_std_ade_m,train_ade_m,official_il_loss,edge_density,seconds_per_seed,peak_allocated_gib,development_pdm_score_percent,development_pdm_seed_std
located_dense_learned,0.3492224531780396,0.0001450381586530808,0.27039612019041054,0.13146783411502838,1.0,110.35888941465721,1.6804933547973633,87.64069585350478,0.24202350050534602
located_dense_random,0.3504295498098591,0.0012143517756749952,0.2715494205074611,0.13114703198273978,1.0,107.89405325633318,1.6701555252075195,87.32271754415676,0.24542579703927894
located_sparse_learned,0.34923835982476453,0.00019770759482224415,0.27043075631681823,0.1314058651526769,0.1962890625,95.05225862798397,1.6806654930114746,87.74219863662874,0.40874089792897583
located_sparse_random,0.35040227883928643,0.0009553068469834769,0.2714064044348201,0.13120733201503754,0.2025824652777778,96.88587549667379,1.6701560020446777,87.32487772492406,0.24290082211030106
located_sparse_current_only,0.3492065509747127,0.00019134571804264148,0.2704491418761987,0.13140306373437247,0.19712999131944445,108.58732246366951,1.6210284233093262,87.7424990031098,0.40881062450300526
sparse_history_unmasked,0.3492256481313034,0.00018311521427735516,0.27041889635107713,0.13140331208705902,0.1967502170138889,143.99497794000976,1.7033991813659668,87.7422467330274,0.40886049351827985
sparse_history_masked,0.3492304862992013,0.0001868397585198161,0.27043385419593996,0.13140451908111572,0.19571940104166666,142.07473116598945,1.7190241813659668,87.74224422915194,0.40872360086622145
sparse_history_masked_random,0.35034475528085846,0.0009329118808657477,0.271438024198337,0.13119235138098398,0.20277235243055555,134.6288613830014,1.707690715789795,87.32552384203275,0.24322894561134104
sparse_history_masked_motion,0.34867982495057603,0.00010438702298812059,0.27194765711312735,0.13123463094234467,0.21864149305555555,103.36124319033115,1.707690715789795,87.69176905499909,0.18752636214160007
