condition,development_ade_m,development_pdm_percent,ade_seed_std_m,pdm_seed_std_pp,future_probe_mse
original_frozen,0.35220979278968584,87.11913416692069,0.0,0.0,0.15115754653742927
encoder_planning,0.34762870143218844,88.39632037844422,0.00037302438010336546,0.0031503228121308475,0.15104044981518008
intent_planning,0.3463684482322562,88.32612520203524,0.0003834683074159707,0.1230852147296816,0.15105425304489614
intent_uniform_future,0.3463683757136129,88.3262196094794,0.00038350840329994695,0.12296216216533955,0.15105430777913445
intent_motion_future,0.3463684783978968,88.32621535994593,0.00038413332882630336,0.12295378112605407,0.1510543352170011
intent_planning_future,0.34636993854112186,88.3261698093329,0.0003843393560041783,0.12302653619128338,0.15105433666966628
intent_uniform_masked_future,0.34636814844020175,88.32620447995288,0.0003834850587971057,0.12300157177320988,0.151054232446489
intent_planning_masked_future,0.34636814781590863,88.32620260062197,0.0003844324992656602,0.12298664969864855,0.15105452027891594
intent_planning_masked_current,0.3463681426731658,88.32619839818068,0.00038333965627074696,0.12301340697951671,0.15105425574970266
encoder_planning_last6,0.3460613891803028,88.71809973764671,0.00036473768360351653,0.1778526801674826,0.1509486594695278
intent_planning_last6,0.3459109143599622,88.43748797413146,0.0005249805832441327,0.4196029892655697,0.15074134690195812
intent_uniform_future_last6,0.34590977955534513,88.43806899574501,0.0005130271818169163,0.4189631062105829,0.15074258263795892
intent_planning_masked_future_last6,0.34592499111987135,88.43778518325642,0.000524841043673466,0.41891783685406847,0.15074138775680854
intent_uniform_fixed_targets_future,0.3463683993224696,88.32621846142946,0.0003835478234383418,0.12296220759558416,0.1510542845396072
intent_planning_fixed_targets_future,0.34636943687551786,88.32616470072799,0.00038349811260870786,0.12302303809736032,0.15105438287211223
intent_uniform_future_last6_strong_auxiliary,0.3459178675665442,88.43815332706926,0.0005105221857651386,0.4199046432138873,0.15073010363743053
intent_planning_masked_future_last6_strong_auxiliary,0.3459186511857933,88.43810552612815,0.0004770482420502408,0.42091317116402027,0.1507305423602427
