scene_index,camera_index,camera,token,scene_type,center_mean_input_px,center_max_input_px,size_mean_absolute_percent
0,0,front,409c959993075841,left_turn,1.8156964778900146,7.4022746086120605,11.992210388183594
0,1,back,409c959993075841,left_turn,2.3576834201812744,13.530813217163086,13.355493545532227
0,2,left,409c959993075841,left_turn,1.9593758583068848,6.079633712768555,13.700508117675781
0,3,right,409c959993075841,left_turn,1.6423659324645996,6.113770008087158,16.96857452392578
1,0,front,47bbc5be68705d5e,left_turn,1.4241180419921875,4.509970188140869,12.345993041992188
1,1,back,47bbc5be68705d5e,left_turn,2.2960917949676514,16.46588897705078,14.452659606933594
1,2,left,47bbc5be68705d5e,left_turn,2.1853251457214355,10.833847045898438,11.888506889343262
1,3,right,47bbc5be68705d5e,left_turn,2.209193229675293,6.337512493133545,13.739595413208008
2,0,front,c94ee8ade05a5b12,straight,2.012150764465332,7.7505059242248535,9.862306594848633
2,1,back,c94ee8ade05a5b12,straight,1.947149395942688,14.366374969482422,13.539294242858887
2,2,left,c94ee8ade05a5b12,straight,2.2960686683654785,7.9054741859436035,12.253227233886719
2,3,right,c94ee8ade05a5b12,straight,2.1819982528686523,11.946287155151367,12.089317321777344
3,0,front,45ecf1d6d8b850af,right_turn,1.8596110343933105,5.446527481079102,9.570928573608398
3,1,back,45ecf1d6d8b850af,right_turn,1.729259729385376,6.821949481964111,12.102513313293457
3,2,left,45ecf1d6d8b850af,right_turn,1.9529733657836914,9.1129732131958,11.182618141174316
3,3,right,45ecf1d6d8b850af,right_turn,2.2821850776672363,7.930271625518799,16.251384735107422
4,0,front,dfbc05e031b9508e,straight,2.2305188179016113,7.291222095489502,13.170581817626953
4,1,back,dfbc05e031b9508e,straight,2.0791995525360107,10.019895553588867,12.663118362426758
4,2,left,dfbc05e031b9508e,straight,2.113454580307007,6.450843811035156,12.42815113067627
4,3,right,dfbc05e031b9508e,straight,2.5349762439727783,11.068044662475586,12.358851432800293
5,0,front,3d5bb2e76f9a5c31,left_turn,2.446012496948242,11.534311294555664,16.31131362915039
5,1,back,3d5bb2e76f9a5c31,left_turn,1.8556443452835083,8.920136451721191,13.574012756347656
5,2,left,3d5bb2e76f9a5c31,left_turn,2.2880094051361084,8.712182998657227,15.909605026245117
5,3,right,3d5bb2e76f9a5c31,left_turn,1.8819855451583862,4.637253761291504,14.01626205444336
6,0,front,9e8a3b779893578d,right_turn,2.1781091690063477,10.854609489440918,13.894967079162598
6,1,back,9e8a3b779893578d,right_turn,2.1385860443115234,8.070573806762695,13.864751815795898
6,2,left,9e8a3b779893578d,right_turn,2.425757884979248,8.810885429382324,14.526358604431152
6,3,right,9e8a3b779893578d,right_turn,2.4974558353424072,8.299220085144043,11.046445846557617
7,0,front,fb8a66a492af5472,straight,2.7588186264038086,10.27517032623291,14.753887176513672
7,1,back,fb8a66a492af5472,straight,2.6912596225738525,8.785852432250977,12.640684127807617
7,2,left,fb8a66a492af5472,straight,1.8885977268218994,7.012884140014648,13.050156593322754
7,3,right,fb8a66a492af5472,straight,2.43147611618042,7.8503594398498535,15.02044677734375
8,0,front,4cd5bb8cf4fd52fa,right_turn,3.1302976608276367,12.732612609863281,13.001729011535645
8,1,back,4cd5bb8cf4fd52fa,right_turn,2.3754405975341797,12.251480102539062,10.183683395385742
8,2,left,4cd5bb8cf4fd52fa,right_turn,2.4859817028045654,9.220389366149902,11.704559326171875
8,3,right,4cd5bb8cf4fd52fa,right_turn,2.7108371257781982,14.62337589263916,15.680041313171387
9,0,front,7284ec454f13519e,straight,1.68609619140625,5.57830810546875,10.632850646972656
9,1,back,7284ec454f13519e,straight,2.177942991256714,9.732649803161621,12.53120231628418
9,2,left,7284ec454f13519e,straight,1.768269419670105,8.837759971618652,12.520580291748047
9,3,right,7284ec454f13519e,straight,3.4795632362365723,11.911965370178223,16.5920467376709
10,0,front,15a1be5a800650b1,straight,1.7914656400680542,7.853006839752197,12.542182922363281
10,1,back,15a1be5a800650b1,straight,1.4062473773956299,7.6406683921813965,8.088558197021484
10,2,left,15a1be5a800650b1,straight,2.230377435684204,19.44612693786621,12.818187713623047
10,3,right,15a1be5a800650b1,straight,3.526075839996338,13.420316696166992,16.816268920898438
11,0,front,79d0884dfc335c7d,left_turn,1.8047468662261963,8.92075252532959,11.0897216796875
11,1,back,79d0884dfc335c7d,left_turn,1.872187852859497,7.171396732330322,10.617045402526855
11,2,left,79d0884dfc335c7d,left_turn,2.0947909355163574,8.986048698425293,16.14244270324707
11,3,right,79d0884dfc335c7d,left_turn,1.994725227355957,8.132765769958496,11.94686508178711
12,0,front,1061433656085b89,left_turn,2.718942642211914,8.10686206817627,18.224918365478516
12,1,back,1061433656085b89,left_turn,3.065845489501953,16.46778678894043,13.405277252197266
12,2,left,1061433656085b89,left_turn,2.305896520614624,9.332016944885254,14.703044891357422
12,3,right,1061433656085b89,left_turn,2.116217613220215,9.440823554992676,9.832239151000977
13,0,front,ad3ed08746b7507a,straight,1.9258222579956055,7.274224758148193,12.319282531738281
13,1,back,ad3ed08746b7507a,straight,2.531778335571289,7.31817626953125,14.676013946533203
13,2,left,ad3ed08746b7507a,straight,2.1242847442626953,9.22210693359375,11.777251243591309
13,3,right,ad3ed08746b7507a,straight,1.9498605728149414,6.95719575881958,14.575648307800293
14,0,front,212aec8a1f185857,left_turn,1.8900742530822754,8.09803581237793,13.159185409545898
14,1,back,212aec8a1f185857,left_turn,2.520329475402832,16.583173751831055,13.292547225952148
14,2,left,212aec8a1f185857,left_turn,2.473273754119873,10.008127212524414,11.904409408569336
14,3,right,212aec8a1f185857,left_turn,1.9774484634399414,9.034720420837402,12.600017547607422
15,0,front,9d7b5e598edb5c90,right_turn,1.7668524980545044,6.054281711578369,12.462091445922852
15,1,back,9d7b5e598edb5c90,right_turn,1.596887469291687,8.377975463867188,8.105422973632812
15,2,left,9d7b5e598edb5c90,right_turn,1.9774786233901978,6.8130035400390625,11.00016975402832
15,3,right,9d7b5e598edb5c90,right_turn,2.0563840866088867,8.903127670288086,11.608407020568848
16,0,front,c51a60c854c951cf,straight,2.3485310077667236,10.45602035522461,13.39428424835205
16,1,back,c51a60c854c951cf,straight,1.98797607421875,6.996172904968262,14.31041431427002
16,2,left,c51a60c854c951cf,straight,2.331963539123535,9.074878692626953,14.77833366394043
16,3,right,c51a60c854c951cf,straight,2.5931320190429688,12.230973243713379,16.918081283569336
17,0,front,40a86c62a45e5ed7,left_turn,2.3344497680664062,6.902009010314941,13.990884780883789
17,1,back,40a86c62a45e5ed7,left_turn,3.8933119773864746,13.58049488067627,20.58893394470215
17,2,left,40a86c62a45e5ed7,left_turn,2.512233257293701,12.416841506958008,12.92905044555664
17,3,right,40a86c62a45e5ed7,left_turn,2.355292320251465,14.80614185333252,14.3717679977417
18,0,front,78ab5d6426865762,right_turn,2.089988946914673,5.509779930114746,10.088323593139648
18,1,back,78ab5d6426865762,right_turn,2.2702481746673584,12.656999588012695,10.628303527832031
18,2,left,78ab5d6426865762,right_turn,1.8314118385314941,5.179666519165039,11.889154434204102
18,3,right,78ab5d6426865762,right_turn,2.893832206726074,12.731163024902344,10.11860466003418
19,0,front,e52c486f4f6b57ed,straight,1.8745757341384888,7.657830238342285,12.186549186706543
19,1,back,e52c486f4f6b57ed,straight,1.6062307357788086,5.250463485717773,10.503885269165039
19,2,left,e52c486f4f6b57ed,straight,1.7104568481445312,7.184251308441162,12.695072174072266
19,3,right,e52c486f4f6b57ed,straight,2.005110502243042,9.333549499511719,10.997637748718262
20,0,front,c49badb6afca5cbc,left_turn,2.3189573287963867,9.423745155334473,14.554322242736816
20,1,back,c49badb6afca5cbc,left_turn,2.330585479736328,10.852713584899902,11.228918075561523
20,2,left,c49badb6afca5cbc,left_turn,3.333056926727295,10.698254585266113,16.12738037109375
20,3,right,c49badb6afca5cbc,left_turn,2.7711217403411865,10.783541679382324,11.360305786132812
21,0,front,2516f0fa67f9535f,straight,2.875659227371216,12.904474258422852,12.62491226196289
21,1,back,2516f0fa67f9535f,straight,2.513017177581787,8.242088317871094,11.376325607299805
21,2,left,2516f0fa67f9535f,straight,4.041565418243408,13.790095329284668,19.764558792114258
21,3,right,2516f0fa67f9535f,straight,2.235081195831299,8.578638076782227,13.353139877319336
22,0,front,7c43ce4287c252da,straight,2.0850725173950195,12.360464096069336,11.152084350585938
22,1,back,7c43ce4287c252da,straight,2.311276912689209,11.518355369567871,12.933256149291992
22,2,left,7c43ce4287c252da,straight,2.1655240058898926,9.648425102233887,10.937102317810059
22,3,right,7c43ce4287c252da,straight,3.0089783668518066,13.455450057983398,14.223005294799805
23,0,front,19d4494c803e560c,right_turn,2.223989486694336,9.883047103881836,14.095256805419922
23,1,back,19d4494c803e560c,right_turn,2.2701897621154785,8.78300666809082,11.783031463623047
23,2,left,19d4494c803e560c,right_turn,2.6330695152282715,7.63877534866333,11.361520767211914
23,3,right,19d4494c803e560c,right_turn,2.601200580596924,10.264545440673828,14.495059967041016
24,0,front,d44dd618a0435337,straight,1.80630362033844,5.446479797363281,12.723905563354492
24,1,back,d44dd618a0435337,straight,1.613534688949585,7.114668369293213,10.675293922424316
24,2,left,d44dd618a0435337,straight,2.2314655780792236,11.695870399475098,10.49185848236084
24,3,right,d44dd618a0435337,straight,2.128293991088867,14.329754829406738,19.400171279907227
25,0,front,ab878f89d3235f46,right_turn,1.78226637840271,6.586951732635498,12.351713180541992
25,1,back,ab878f89d3235f46,right_turn,1.781893014907837,5.636907577514648,12.596139907836914
25,2,left,ab878f89d3235f46,right_turn,2.4658641815185547,11.676004409790039,13.686502456665039
25,3,right,ab878f89d3235f46,right_turn,2.3024415969848633,6.008847236633301,20.469324111938477
26,0,front,256844f1f2c05f59,left_turn,1.9179096221923828,9.513813018798828,15.661552429199219
26,1,back,256844f1f2c05f59,left_turn,2.3204312324523926,16.144947052001953,16.113704681396484
26,2,left,256844f1f2c05f59,left_turn,2.4343953132629395,8.477705955505371,12.011687278747559
26,3,right,256844f1f2c05f59,left_turn,1.8251442909240723,12.046551704406738,14.922059059143066
27,0,front,2b2c80d7c63e5ea4,straight,1.4531298875808716,4.689748764038086,9.466495513916016
27,1,back,2b2c80d7c63e5ea4,straight,2.072906494140625,14.52566146850586,10.781623840332031
27,2,left,2b2c80d7c63e5ea4,straight,1.7686735391616821,6.997866153717041,10.393012046813965
27,3,right,2b2c80d7c63e5ea4,straight,1.9631215333938599,9.209547996520996,12.195228576660156
28,0,front,20c5f1c678e7548a,straight,2.1643662452697754,6.5971360206604,10.772429466247559
28,1,back,20c5f1c678e7548a,straight,2.1640658378601074,10.648737907409668,12.303083419799805
28,2,left,20c5f1c678e7548a,straight,2.821070671081543,11.217327117919922,13.48857307434082
28,3,right,20c5f1c678e7548a,straight,2.499485492706299,11.385210037231445,12.738469123840332
29,0,front,074d146bab0b5702,left_turn,1.7233338356018066,5.480382919311523,9.590579986572266
29,1,back,074d146bab0b5702,left_turn,2.146402359008789,10.302340507507324,13.538227081298828
29,2,left,074d146bab0b5702,left_turn,1.9861805438995361,9.343084335327148,7.753973960876465
29,3,right,074d146bab0b5702,left_turn,2.9582390785217285,8.96958065032959,16.13516616821289
30,0,front,0688df41ff5d5c4c,straight,1.8909602165222168,7.0305352210998535,9.648494720458984
30,1,back,0688df41ff5d5c4c,straight,2.3127546310424805,11.726131439208984,14.532966613769531
30,2,left,0688df41ff5d5c4c,straight,2.3295464515686035,8.025768280029297,14.06718921661377
30,3,right,0688df41ff5d5c4c,straight,2.1044249534606934,11.501558303833008,16.68944549560547
31,0,front,889fd6e7cae75990,right_turn,2.060988187789917,12.949980735778809,18.331151962280273
31,1,back,889fd6e7cae75990,right_turn,2.1717464923858643,12.00329303741455,11.406673431396484
31,2,left,889fd6e7cae75990,right_turn,2.402156352996826,8.586488723754883,14.716087341308594
31,3,right,889fd6e7cae75990,right_turn,1.9597208499908447,7.370251655578613,12.553672790527344
32,0,front,6c08df07d2e35e8d,right_turn,2.8876776695251465,10.739446640014648,15.741888999938965
32,1,back,6c08df07d2e35e8d,right_turn,2.4961016178131104,9.908670425415039,15.337199211120605
32,2,left,6c08df07d2e35e8d,right_turn,2.4736509323120117,6.9457926750183105,15.61561393737793
32,3,right,6c08df07d2e35e8d,right_turn,2.313432455062866,9.286998748779297,17.324031829833984
33,0,front,31d565f74269592e,left_turn,1.7906174659729004,5.209200382232666,12.315101623535156
33,1,back,31d565f74269592e,left_turn,2.0493035316467285,9.668232917785645,15.659650802612305
33,2,left,31d565f74269592e,left_turn,2.912689208984375,17.15036964416504,16.49578094482422
33,3,right,31d565f74269592e,left_turn,2.276977062225342,10.873042106628418,13.066574096679688
34,0,front,d2b4594cfb045819,straight,2.7103068828582764,9.116803169250488,19.255146026611328
34,1,back,d2b4594cfb045819,straight,2.8217933177948,9.147416114807129,20.744731903076172
34,2,left,d2b4594cfb045819,straight,2.6231889724731445,8.962485313415527,17.957517623901367
34,3,right,d2b4594cfb045819,straight,2.1831507682800293,7.535741806030273,13.799161911010742
35,0,front,99a10bd9109b54b2,straight,2.4147815704345703,6.125210762023926,15.054083824157715
35,1,back,99a10bd9109b54b2,straight,2.936579704284668,11.744407653808594,22.516677856445312
35,2,left,99a10bd9109b54b2,straight,2.1829934120178223,11.541006088256836,12.400310516357422
35,3,right,99a10bd9109b54b2,straight,2.411437511444092,6.213680267333984,17.59275245666504
36,0,front,a2c0200ec66a5f3c,straight,1.8787463903427124,8.972410202026367,11.354633331298828
36,1,back,a2c0200ec66a5f3c,straight,2.5776610374450684,8.785794258117676,15.781494140625
36,2,left,a2c0200ec66a5f3c,straight,1.9222270250320435,5.899477481842041,12.401267051696777
36,3,right,a2c0200ec66a5f3c,straight,2.1483545303344727,6.581870079040527,12.741348266601562
37,0,front,5912e3f187af51d6,straight,2.2796976566314697,6.964562892913818,16.069839477539062
37,1,back,5912e3f187af51d6,straight,2.1253175735473633,7.369765281677246,12.44512939453125
37,2,left,5912e3f187af51d6,straight,2.4166574478149414,9.461390495300293,13.21997356414795
37,3,right,5912e3f187af51d6,straight,2.0718541145324707,10.947641372680664,14.036073684692383
38,0,front,b92f49ef1c155d86,left_turn,1.590643048286438,5.555874824523926,13.925952911376953
38,1,back,b92f49ef1c155d86,left_turn,2.9042410850524902,9.65001392364502,20.63446044921875
38,2,left,b92f49ef1c155d86,left_turn,2.338515043258667,8.920032501220703,15.318902969360352
38,3,right,b92f49ef1c155d86,left_turn,2.444634437561035,9.257674217224121,14.282485961914062
39,0,front,d4ecfa74d8bb5d1e,right_turn,2.745473861694336,9.227494239807129,16.503007888793945
39,1,back,d4ecfa74d8bb5d1e,right_turn,2.5310068130493164,16.2978458404541,10.858991622924805
39,2,left,d4ecfa74d8bb5d1e,right_turn,2.555619239807129,7.891184329986572,14.350685119628906
39,3,right,d4ecfa74d8bb5d1e,right_turn,2.528841972351074,8.22213363647461,18.237834930419922
40,0,front,fc01494fa43653b8,right_turn,2.54533052444458,10.360472679138184,17.23526382446289
40,1,back,fc01494fa43653b8,right_turn,2.818570613861084,11.799639701843262,12.362137794494629
40,2,left,fc01494fa43653b8,right_turn,3.0686874389648438,15.16860294342041,16.406156539916992
40,3,right,fc01494fa43653b8,right_turn,2.495593547821045,10.4447603225708,18.084779739379883
41,0,front,c3ba85bd489a5e47,straight,2.853410482406616,8.081124305725098,13.137552261352539
41,1,back,c3ba85bd489a5e47,straight,2.602142810821533,6.915156841278076,12.717408180236816
41,2,left,c3ba85bd489a5e47,straight,2.6992063522338867,6.0465288162231445,14.584413528442383
41,3,right,c3ba85bd489a5e47,straight,2.0747926235198975,4.940727233886719,13.317649841308594
42,0,front,d8ba4e0d67e7535f,straight,1.951182246208191,8.899216651916504,11.832170486450195
42,1,back,d8ba4e0d67e7535f,straight,2.822007656097412,9.500489234924316,16.679889678955078
42,2,left,d8ba4e0d67e7535f,straight,2.248718738555908,7.539908409118652,10.547599792480469
42,3,right,d8ba4e0d67e7535f,straight,2.209092617034912,6.578699588775635,13.605657577514648
43,0,front,0c1721a6aed35c4c,left_turn,2.447733163833618,10.132255554199219,14.40683650970459
43,1,back,0c1721a6aed35c4c,left_turn,3.452589273452759,12.931122779846191,15.544357299804688
43,2,left,0c1721a6aed35c4c,left_turn,2.3636248111724854,9.825077056884766,12.621193885803223
43,3,right,0c1721a6aed35c4c,left_turn,2.6860861778259277,16.076704025268555,11.67831039428711
44,0,front,2c69b238ae3a55b9,left_turn,1.676412582397461,7.421743392944336,11.312552452087402
44,1,back,2c69b238ae3a55b9,left_turn,2.387091875076294,8.517634391784668,16.413227081298828
44,2,left,2c69b238ae3a55b9,left_turn,2.1528892517089844,6.306098461151123,12.803705215454102
44,3,right,2c69b238ae3a55b9,left_turn,2.293715715408325,11.115589141845703,15.854787826538086
45,0,front,771fc00de1b15ba2,straight,2.442138195037842,11.24311351776123,11.296285629272461
45,1,back,771fc00de1b15ba2,straight,2.0366153717041016,7.443401336669922,10.771982192993164
45,2,left,771fc00de1b15ba2,straight,2.706218719482422,8.051950454711914,14.902915000915527
45,3,right,771fc00de1b15ba2,straight,2.375941276550293,17.260217666625977,12.579546928405762
46,0,front,beb6d0834ae251d2,right_turn,2.4573044776916504,10.173300743103027,11.637346267700195
46,1,back,beb6d0834ae251d2,right_turn,1.902517557144165,7.553347587585449,13.475198745727539
46,2,left,beb6d0834ae251d2,right_turn,2.0339949131011963,9.685439109802246,11.340898513793945
46,3,right,beb6d0834ae251d2,right_turn,2.311645269393921,12.749205589294434,16.7772216796875
47,0,front,c27a4cdf2a3d5fc1,straight,2.047351121902466,12.05352783203125,12.254575729370117
47,1,back,c27a4cdf2a3d5fc1,straight,1.70020592212677,9.676652908325195,9.67387580871582
47,2,left,c27a4cdf2a3d5fc1,straight,2.379133701324463,11.074164390563965,13.50017261505127
47,3,right,c27a4cdf2a3d5fc1,straight,2.4725990295410156,10.223691940307617,15.424263000488281
48,0,front,706395b464525f9d,right_turn,2.953993320465088,11.163721084594727,11.08827018737793
48,1,back,706395b464525f9d,right_turn,2.45692777633667,9.231553077697754,15.373514175415039
48,2,left,706395b464525f9d,right_turn,2.846240520477295,15.079632759094238,13.463157653808594
48,3,right,706395b464525f9d,right_turn,3.2276628017425537,18.8713436126709,13.406997680664062
49,0,front,6244a789f919560d,left_turn,2.010037422180176,7.222048759460449,11.977489471435547
49,1,back,6244a789f919560d,left_turn,1.9516041278839111,10.186532974243164,10.702348709106445
49,2,left,6244a789f919560d,left_turn,2.662416458129883,13.42727279663086,17.832683563232422
49,3,right,6244a789f919560d,left_turn,1.7490909099578857,9.56911563873291,13.601404190063477
50,0,front,fcd2e3163a3f58e3,straight,2.46182918548584,10.126072883605957,14.630516052246094
50,1,back,fcd2e3163a3f58e3,straight,2.2541868686676025,13.087540626525879,9.872270584106445
50,2,left,fcd2e3163a3f58e3,straight,2.8006601333618164,6.429019927978516,14.996330261230469
50,3,right,fcd2e3163a3f58e3,straight,2.77225399017334,10.450675010681152,11.11039924621582
51,0,front,8f78b12b998a554e,straight,2.6622066497802734,8.326177597045898,15.145384788513184
51,1,back,8f78b12b998a554e,straight,2.0198097229003906,11.285979270935059,8.359395027160645
51,2,left,8f78b12b998a554e,straight,2.399502992630005,7.4949049949646,15.06647777557373
51,3,right,8f78b12b998a554e,straight,1.9863626956939697,5.864724159240723,12.064300537109375
52,0,front,990d9ca7dba559fa,straight,1.6750483512878418,9.38553237915039,9.439577102661133
52,1,back,990d9ca7dba559fa,straight,2.4462404251098633,9.691777229309082,14.539810180664062
52,2,left,990d9ca7dba559fa,straight,2.826969623565674,10.625395774841309,14.210886001586914
52,3,right,990d9ca7dba559fa,straight,1.6140990257263184,4.24785041809082,14.94058609008789
53,0,front,141e47eee4155a71,straight,1.999418020248413,5.712878704071045,9.731855392456055
53,1,back,141e47eee4155a71,straight,1.4411933422088623,6.922736644744873,9.747178077697754
53,2,left,141e47eee4155a71,straight,2.5806703567504883,13.076889991760254,11.184523582458496
53,3,right,141e47eee4155a71,straight,1.8951255083084106,12.588945388793945,14.021099090576172
54,0,front,cbebebfc9f545bbb,left_turn,2.031467914581299,7.236392021179199,14.481816291809082
54,1,back,cbebebfc9f545bbb,left_turn,1.926727533340454,5.622570037841797,12.830215454101562
54,2,left,cbebebfc9f545bbb,left_turn,2.065709352493286,11.096604347229004,12.671236038208008
54,3,right,cbebebfc9f545bbb,left_turn,1.975245475769043,7.98536491394043,16.046445846557617
55,0,front,90a79351977a5f32,right_turn,1.9253509044647217,11.378652572631836,9.186963081359863
55,1,back,90a79351977a5f32,right_turn,1.948059320449829,6.9665374755859375,12.834306716918945
55,2,left,90a79351977a5f32,right_turn,1.4628791809082031,5.8037543296813965,10.478288650512695
55,3,right,90a79351977a5f32,right_turn,2.739637851715088,9.999134063720703,16.59783935546875
56,0,front,8d709e8b74095ad8,left_turn,2.077108383178711,5.437135219573975,13.348628044128418
56,1,back,8d709e8b74095ad8,left_turn,1.8320341110229492,9.17158031463623,8.723383903503418
56,2,left,8d709e8b74095ad8,left_turn,3.450617790222168,11.451285362243652,15.126849174499512
56,3,right,8d709e8b74095ad8,left_turn,2.8109583854675293,14.32197380065918,13.862876892089844
57,0,front,06ac0b6449e75fde,left_turn,1.878074288368225,7.157228946685791,10.046365737915039
57,1,back,06ac0b6449e75fde,left_turn,3.2293202877044678,9.080238342285156,22.565927505493164
57,2,left,06ac0b6449e75fde,left_turn,2.609269380569458,10.148578643798828,12.12132453918457
57,3,right,06ac0b6449e75fde,left_turn,2.4131064414978027,9.693563461303711,13.28262710571289
58,0,front,af7f568aefd558f4,right_turn,1.563559889793396,8.62934684753418,10.751020431518555
58,1,back,af7f568aefd558f4,right_turn,2.261094331741333,10.40258502960205,15.390691757202148
58,2,left,af7f568aefd558f4,right_turn,1.4860894680023193,6.337747573852539,11.012439727783203
58,3,right,af7f568aefd558f4,right_turn,1.7608528137207031,7.102154731750488,11.040570259094238
59,0,front,823579d31fc85a37,straight,2.285637855529785,7.785938739776611,9.969202041625977
59,1,back,823579d31fc85a37,straight,1.726447582244873,10.836882591247559,10.245061874389648
59,2,left,823579d31fc85a37,straight,2.4277091026306152,14.856130599975586,16.015167236328125
59,3,right,823579d31fc85a37,straight,1.7849726676940918,5.800525665283203,11.363348007202148
60,0,front,bf1671708a1c595b,right_turn,1.9064327478408813,6.509109973907471,14.672752380371094
60,1,back,bf1671708a1c595b,right_turn,2.4733166694641113,7.968725204467773,17.155256271362305
60,2,left,bf1671708a1c595b,right_turn,2.219071865081787,8.078347206115723,14.855772018432617
60,3,right,bf1671708a1c595b,right_turn,2.3412716388702393,18.054508209228516,13.297581672668457
61,0,front,a4ab0cdf700f5f2a,straight,2.0872700214385986,15.745928764343262,10.130497932434082
61,1,back,a4ab0cdf700f5f2a,straight,2.4627373218536377,14.006267547607422,16.60190200805664
61,2,left,a4ab0cdf700f5f2a,straight,2.2901039123535156,12.706718444824219,12.753031730651855
61,3,right,a4ab0cdf700f5f2a,straight,1.722607970237732,5.739228248596191,11.174670219421387
62,0,front,d600eaa6cac05083,straight,2.0882980823516846,10.120308876037598,11.399364471435547
62,1,back,d600eaa6cac05083,straight,2.6518032550811768,6.830343723297119,14.313114166259766
62,2,left,d600eaa6cac05083,straight,2.129117012023926,10.040411949157715,11.671857833862305
62,3,right,d600eaa6cac05083,straight,2.219087600708008,9.854435920715332,12.52981185913086
63,0,front,fab7ac3278c35521,left_turn,1.9436802864074707,8.086556434631348,13.882305145263672
63,1,back,fab7ac3278c35521,left_turn,1.8868008852005005,6.382122039794922,13.623811721801758
63,2,left,fab7ac3278c35521,left_turn,2.443056583404541,15.187602996826172,10.441827774047852
63,3,right,fab7ac3278c35521,left_turn,1.9403293132781982,8.086414337158203,19.859344482421875
64,0,front,0154b4928cde52bb,straight,2.2848730087280273,10.700828552246094,13.187423706054688
64,1,back,0154b4928cde52bb,straight,2.1313228607177734,10.719911575317383,11.073199272155762
64,2,left,0154b4928cde52bb,straight,2.332052230834961,13.973686218261719,12.87421703338623
64,3,right,0154b4928cde52bb,straight,1.80484938621521,4.916347980499268,15.215871810913086
65,0,front,cc74833dde2a5fbf,right_turn,1.932878017425537,7.400998115539551,15.89724349975586
65,1,back,cc74833dde2a5fbf,right_turn,1.930998682975769,12.662449836730957,12.651556968688965
65,2,left,cc74833dde2a5fbf,right_turn,2.497251033782959,17.636882781982422,19.790348052978516
65,3,right,cc74833dde2a5fbf,right_turn,2.0986006259918213,7.205960273742676,12.34091567993164
66,0,front,525852ca88245a26,left_turn,2.6385092735290527,20.288911819458008,13.727269172668457
66,1,back,525852ca88245a26,left_turn,2.220287799835205,9.6594877243042,12.334146499633789
66,2,left,525852ca88245a26,left_turn,2.4521563053131104,12.197818756103516,15.935981750488281
66,3,right,525852ca88245a26,left_turn,2.3968114852905273,9.380349159240723,13.362242698669434
67,0,front,ea09a393ea6f5fb0,straight,1.7004388570785522,7.376765727996826,13.231145858764648
67,1,back,ea09a393ea6f5fb0,straight,2.1716771125793457,8.174530982971191,15.183316230773926
67,2,left,ea09a393ea6f5fb0,straight,2.2082488536834717,5.666744232177734,20.688491821289062
67,3,right,ea09a393ea6f5fb0,straight,2.1905319690704346,6.62641716003418,17.141155242919922
68,0,front,05ea83c7d41d5226,straight,2.2736544609069824,5.848603248596191,16.45172691345215
68,1,back,05ea83c7d41d5226,straight,2.4826061725616455,18.269804000854492,14.845274925231934
68,2,left,05ea83c7d41d5226,straight,2.2890138626098633,5.865955352783203,17.15654754638672
68,3,right,05ea83c7d41d5226,straight,2.055009126663208,6.3679609298706055,15.056514739990234
69,0,front,1244e29b3a6e588a,left_turn,2.168313980102539,11.989035606384277,16.604652404785156
69,1,back,1244e29b3a6e588a,left_turn,2.354811668395996,10.167990684509277,15.107215881347656
69,2,left,1244e29b3a6e588a,left_turn,2.7416577339172363,15.172346115112305,16.332685470581055
69,3,right,1244e29b3a6e588a,left_turn,2.2626380920410156,9.769579887390137,14.37742805480957
70,0,front,e35e047c6fb15706,right_turn,2.8694849014282227,10.66444206237793,17.40185546875
70,1,back,e35e047c6fb15706,right_turn,2.4155540466308594,12.031920433044434,13.247447967529297
70,2,left,e35e047c6fb15706,right_turn,1.8479801416397095,7.482301235198975,12.795272827148438
70,3,right,e35e047c6fb15706,right_turn,2.4711503982543945,9.010269165039062,15.700077056884766
71,0,front,30cc91dc68575362,straight,2.499652862548828,10.481202125549316,15.94843864440918
71,1,back,30cc91dc68575362,straight,2.905816078186035,11.968633651733398,15.560449600219727
71,2,left,30cc91dc68575362,straight,2.3763604164123535,13.727009773254395,14.830425262451172
71,3,right,30cc91dc68575362,straight,2.2156825065612793,9.147185325622559,17.597379684448242
72,0,front,487e3708e7905cde,left_turn,2.3054561614990234,13.125484466552734,16.16080093383789
72,1,back,487e3708e7905cde,left_turn,2.0645928382873535,7.430160045623779,14.95979118347168
72,2,left,487e3708e7905cde,left_turn,2.168741464614868,8.393756866455078,18.015594482421875
72,3,right,487e3708e7905cde,left_turn,2.1228489875793457,7.383728981018066,15.375231742858887
73,0,front,ece60c6787085f75,straight,2.0944433212280273,12.537245750427246,16.926536560058594
73,1,back,ece60c6787085f75,straight,2.2584054470062256,9.156299591064453,23.012317657470703
73,2,left,ece60c6787085f75,straight,2.223573684692383,11.619853019714355,19.094802856445312
73,3,right,ece60c6787085f75,straight,2.4444632530212402,11.634801864624023,17.869060516357422
74,0,front,349f941ae5f25431,straight,2.523314952850342,13.394397735595703,13.332232475280762
74,1,back,349f941ae5f25431,straight,2.224302053451538,9.904497146606445,15.174500465393066
74,2,left,349f941ae5f25431,straight,2.380898952484131,12.9924898147583,13.403301239013672
74,3,right,349f941ae5f25431,straight,2.4708123207092285,7.359521865844727,14.358451843261719
75,0,front,efbb5775296a5786,right_turn,2.2837657928466797,11.20715618133545,15.79953670501709
75,1,back,efbb5775296a5786,right_turn,2.39804744720459,11.292288780212402,20.18859100341797
75,2,left,efbb5775296a5786,right_turn,2.3461899757385254,9.211152076721191,15.989507675170898
75,3,right,efbb5775296a5786,right_turn,2.2756505012512207,13.378193855285645,13.97996711730957
76,0,front,95a6970bae4f57a2,left_turn,1.9762229919433594,7.4692702293396,17.036048889160156
76,1,back,95a6970bae4f57a2,left_turn,1.7023441791534424,6.828469276428223,14.00760269165039
76,2,left,95a6970bae4f57a2,left_turn,2.0217559337615967,5.878593921661377,12.348291397094727
76,3,right,95a6970bae4f57a2,left_turn,1.7069802284240723,8.034479141235352,12.371427536010742
77,0,front,af839b7d903d5458,straight,2.0092101097106934,9.948091506958008,12.359914779663086
77,1,back,af839b7d903d5458,straight,2.231938362121582,6.902082443237305,14.382123947143555
77,2,left,af839b7d903d5458,straight,2.2339487075805664,6.436546325683594,19.04477310180664
77,3,right,af839b7d903d5458,straight,1.702846646308899,5.830536365509033,12.146561622619629
78,0,front,98858b485ade5b47,straight,2.7227487564086914,15.516139030456543,12.999361991882324
78,1,back,98858b485ade5b47,straight,2.408316135406494,14.76959228515625,14.345451354980469
78,2,left,98858b485ade5b47,straight,2.2350785732269287,12.924307823181152,13.881403923034668
78,3,right,98858b485ade5b47,straight,2.2012267112731934,11.039058685302734,14.382570266723633
79,0,front,9dfa8c7ecdfe5e32,right_turn,2.017827033996582,14.639259338378906,14.025388717651367
79,1,back,9dfa8c7ecdfe5e32,right_turn,2.2321555614471436,16.37759780883789,12.286766052246094
79,2,left,9dfa8c7ecdfe5e32,right_turn,2.2372169494628906,13.275313377380371,13.844619750976562
79,3,right,9dfa8c7ecdfe5e32,right_turn,2.443423271179199,14.77119255065918,15.739501953125
80,0,front,2754ab87df25534c,left_turn,2.6580638885498047,7.023249626159668,17.377967834472656
80,1,back,2754ab87df25534c,left_turn,2.44416880607605,8.520804405212402,22.67507553100586
80,2,left,2754ab87df25534c,left_turn,1.9366235733032227,6.3585429191589355,18.720279693603516
80,3,right,2754ab87df25534c,left_turn,1.898881435394287,9.689497947692871,14.928119659423828
81,0,front,4c58f7d8218251d0,straight,2.2885384559631348,8.7193021774292,13.494108200073242
81,1,back,4c58f7d8218251d0,straight,2.374175548553467,13.78979778289795,13.616067886352539
81,2,left,4c58f7d8218251d0,straight,2.136094570159912,9.207906723022461,15.227046966552734
81,3,right,4c58f7d8218251d0,straight,1.9959766864776611,8.903828620910645,15.036222457885742
82,0,front,6ff24958dae5512a,left_turn,2.03757643699646,5.7708868980407715,14.571624755859375
82,1,back,6ff24958dae5512a,left_turn,2.7628612518310547,11.54543685913086,20.469181060791016
82,2,left,6ff24958dae5512a,left_turn,3.083881378173828,12.251516342163086,19.237289428710938
82,3,right,6ff24958dae5512a,left_turn,2.10793137550354,6.774251937866211,15.836649894714355
83,0,front,bbfb37562b8a5753,right_turn,1.70463228225708,6.40696907043457,14.826679229736328
83,1,back,bbfb37562b8a5753,right_turn,2.142343282699585,14.746572494506836,17.789562225341797
83,2,left,bbfb37562b8a5753,right_turn,2.101238250732422,12.910697937011719,18.031587600708008
83,3,right,bbfb37562b8a5753,right_turn,2.281276226043701,11.821209907531738,14.489250183105469
84,0,front,4f7e4e373d59537d,right_turn,3.14084529876709,21.910694122314453,15.42872142791748
84,1,back,4f7e4e373d59537d,right_turn,1.9691778421401978,14.116509437561035,9.874724388122559
84,2,left,4f7e4e373d59537d,right_turn,3.409795045852661,11.820425987243652,19.154293060302734
84,3,right,4f7e4e373d59537d,right_turn,1.7851808071136475,6.61123514175415,10.13137149810791
85,0,front,1eb61067b60c5c39,straight,1.7834872007369995,12.878694534301758,8.845535278320312
85,1,back,1eb61067b60c5c39,straight,1.616154670715332,4.852533340454102,12.372716903686523
85,2,left,1eb61067b60c5c39,straight,1.6613315343856812,6.8371992111206055,13.732792854309082
85,3,right,1eb61067b60c5c39,straight,1.6030282974243164,5.95420503616333,8.761838912963867
86,0,front,562522d267b7515a,left_turn,1.679948091506958,7.766207218170166,11.82794189453125
86,1,back,562522d267b7515a,left_turn,2.260714054107666,9.058711051940918,13.048317909240723
86,2,left,562522d267b7515a,left_turn,2.2670764923095703,9.52492618560791,13.010907173156738
86,3,right,562522d267b7515a,left_turn,2.404942512512207,6.289287090301514,12.87932300567627
87,0,front,89256da7d2715748,straight,2.3875732421875,16.695117950439453,12.813883781433105
87,1,back,89256da7d2715748,straight,2.4624013900756836,9.541319847106934,14.116559982299805
87,2,left,89256da7d2715748,straight,2.383443832397461,7.459081172943115,12.289026260375977
87,3,right,89256da7d2715748,straight,3.8044676780700684,11.559886932373047,22.958065032958984
88,0,front,e909cae9ee81593c,right_turn,1.6847927570343018,5.876667022705078,7.471152305603027
88,1,back,e909cae9ee81593c,right_turn,2.502488136291504,9.002324104309082,14.890314102172852
88,2,left,e909cae9ee81593c,right_turn,2.8000526428222656,11.942057609558105,13.857839584350586
88,3,right,e909cae9ee81593c,right_turn,2.3410418033599854,8.227252960205078,15.3673095703125
89,0,front,c027a5b9300d58d7,left_turn,1.8346946239471436,8.91341495513916,16.829925537109375
89,1,back,c027a5b9300d58d7,left_turn,1.9802701473236084,5.682147979736328,15.862793922424316
89,2,left,c027a5b9300d58d7,left_turn,2.2780866622924805,7.105384826660156,16.784221649169922
89,3,right,c027a5b9300d58d7,left_turn,1.7809635400772095,7.4107279777526855,16.675277709960938
90,0,front,75046d0fb71e5323,straight,2.667625665664673,7.3798909187316895,15.567450523376465
90,1,back,75046d0fb71e5323,straight,2.8882393836975098,9.9057035446167,14.902814865112305
90,2,left,75046d0fb71e5323,straight,2.062910795211792,8.855718612670898,19.85720443725586
90,3,right,75046d0fb71e5323,straight,3.1878910064697266,10.052129745483398,14.96230697631836
91,0,front,a867a86699555a7c,left_turn,2.420531749725342,9.18664264678955,16.43927001953125
91,1,back,a867a86699555a7c,left_turn,2.7382562160491943,6.182293891906738,19.537822723388672
91,2,left,a867a86699555a7c,left_turn,2.271413564682007,9.555318832397461,14.838154792785645
91,3,right,a867a86699555a7c,left_turn,2.527777671813965,15.178191184997559,13.007366180419922
92,0,front,4d37ca1d9c985401,straight,2.1686534881591797,9.968144416809082,11.027616500854492
92,1,back,4d37ca1d9c985401,straight,1.8945859670639038,7.214911460876465,12.593153953552246
92,2,left,4d37ca1d9c985401,straight,2.8383426666259766,11.220047950744629,13.506484985351562
92,3,right,4d37ca1d9c985401,straight,2.0203170776367188,7.960258960723877,15.69539737701416
93,0,front,f1298e2cbf985cc9,left_turn,2.626987934112549,8.758699417114258,19.23784637451172
93,1,back,f1298e2cbf985cc9,left_turn,1.9451515674591064,12.545720100402832,13.559423446655273
93,2,left,f1298e2cbf985cc9,left_turn,2.5740487575531006,10.46205997467041,17.762344360351562
93,3,right,f1298e2cbf985cc9,left_turn,2.3789329528808594,13.571256637573242,17.59921646118164
94,0,front,5581c2f534ae5c69,right_turn,2.0693655014038086,7.129713535308838,20.978111267089844
94,1,back,5581c2f534ae5c69,right_turn,2.2574496269226074,16.890357971191406,14.458070755004883
94,2,left,5581c2f534ae5c69,right_turn,2.2686052322387695,8.366327285766602,23.424789428710938
94,3,right,5581c2f534ae5c69,right_turn,2.1746668815612793,11.061237335205078,23.396038055419922
95,0,front,d4a5764b2fdc5938,left_turn,2.5751776695251465,9.639677047729492,17.067569732666016
95,1,back,d4a5764b2fdc5938,left_turn,3.0089292526245117,10.298723220825195,19.708904266357422
95,2,left,d4a5764b2fdc5938,left_turn,2.491023063659668,8.349915504455566,16.35578727722168
95,3,right,d4a5764b2fdc5938,left_turn,3.155270576477051,12.651948928833008,17.152942657470703
