token,log_name,valid,no_at_fault_collisions,drivable_area_compliance,ego_progress,time_to_collision_within_bound,comfort,driving_direction_compliance,score,recording_group,scene_type,expert_ade_m
409c959993075841,2021.05.12.19.36.12_veh-35_00568_01168,True,1.0,1.0,0.7223324388165877,1.0,1.0,1.0,0.884305182840245,2021.05.12.19.36.12_veh-35,left_turn,2.294048547744751
47bbc5be68705d5e,2021.05.12.19.36.12_veh-35_00568_01168,True,1.0,1.0,0.865105526031028,1.0,1.0,1.0,0.943793969179595,2021.05.12.19.36.12_veh-35,left_turn,1.8908504247665405
c94ee8ade05a5b12,2021.05.12.19.36.12_veh-35_01744_01934,True,1.0,1.0,0.4399530658595998,0.0,1.0,1.0,0.3499804441081666,2021.05.12.19.36.12_veh-35,straight,2.110797882080078
45ecf1d6d8b850af,2021.05.12.19.36.12_veh-35_02079_02176,True,1.0,1.0,1.0,0.0,1.0,1.0,0.5833333333333334,2021.05.12.19.36.12_veh-35,right_turn,0.8885577917098999
dfbc05e031b9508e,2021.06.07.12.42.11_veh-38_01777_02078,True,1.0,1.0,1.0,1.0,1.0,1.0,1.0,2021.06.07.12.42.11_veh-38,straight,0.6904351711273193
3d5bb2e76f9a5c31,2021.06.07.12.42.11_veh-38_01777_02078,True,1.0,1.0,0.42546327901043324,1.0,1.0,1.0,0.7606096995876804,2021.06.07.12.42.11_veh-38,left_turn,2.0347909927368164
9e8a3b779893578d,2021.06.07.12.42.11_veh-38_02445_02843,True,1.0,1.0,0.7603458323974881,1.0,1.0,1.0,0.9001440968322867,2021.06.07.12.42.11_veh-38,right_turn,3.239664077758789
fb8a66a492af5472,2021.06.07.12.42.11_veh-38_02445_02843,True,1.0,1.0,0.6736593342745799,1.0,1.0,1.0,0.8640247226144083,2021.06.07.12.42.11_veh-38,straight,0.4897289276123047
4cd5bb8cf4fd52fa,2021.06.08.12.54.54_veh-26_00015_00507,True,1.0,1.0,0.8848221862822709,1.0,1.0,1.0,0.9520092442842797,2021.06.08.12.54.54_veh-26,right_turn,2.302194356918335
7284ec454f13519e,2021.06.08.12.54.54_veh-26_00733_00983,True,1.0,1.0,1.0,1.0,1.0,1.0,1.0,2021.06.08.12.54.54_veh-26,straight,0.9632604718208313
15a1be5a800650b1,2021.06.08.12.54.54_veh-26_02994_03970,True,1.0,1.0,0.6700599805696946,0.0,1.0,1.0,0.44585832523737273,2021.06.08.12.54.54_veh-26,straight,2.4944725036621094
79d0884dfc335c7d,2021.06.08.12.54.54_veh-26_02994_03970,True,1.0,1.0,0.5984667975700684,1.0,1.0,1.0,0.8326944989875286,2021.06.08.12.54.54_veh-26,left_turn,3.5944302082061768
1061433656085b89,2021.06.09.12.51.31_veh-35_00007_00089,True,1.0,1.0,0.8628632401564413,1.0,1.0,1.0,0.9428596833985172,2021.06.09.12.51.31_veh-35,left_turn,0.7940962910652161
ad3ed08746b7507a,2021.06.09.12.51.31_veh-35_00852_01020,True,1.0,1.0,1.0,1.0,0.0,1.0,0.8333333333333334,2021.06.09.12.51.31_veh-35,straight,4.563490390777588
212aec8a1f185857,2021.06.09.12.51.31_veh-35_04882_05013,True,1.0,1.0,0.5367609951797705,1.0,1.0,1.0,0.806983747991571,2021.06.09.12.51.31_veh-35,left_turn,1.6395738124847412
9d7b5e598edb5c90,2021.06.09.12.51.31_veh-35_05299_05468,True,1.0,1.0,0.17448220959198776,1.0,1.0,1.0,0.6560342539966616,2021.06.09.12.51.31_veh-35,right_turn,5.382026672363281
c51a60c854c951cf,2021.06.09.14.58.55_veh-35_01496_01664,True,1.0,1.0,0.5598370227636555,1.0,1.0,1.0,0.8165987594848566,2021.06.09.14.58.55_veh-35,straight,2.9195330142974854
40a86c62a45e5ed7,2021.06.09.14.58.55_veh-35_02861_03037,True,1.0,1.0,1.0,1.0,1.0,1.0,1.0,2021.06.09.14.58.55_veh-35,left_turn,1.574941873550415
78ab5d6426865762,2021.06.09.14.58.55_veh-35_02861_03037,True,1.0,0.0,0.0,1.0,1.0,1.0,0.0,2021.06.09.14.58.55_veh-35,right_turn,1.7047415971755981
e52c486f4f6b57ed,2021.06.09.14.58.55_veh-35_03548_03800,True,1.0,1.0,0.6757314770022389,1.0,1.0,1.0,0.8648881154175996,2021.06.09.14.58.55_veh-35,straight,2.8570640087127686
c49badb6afca5cbc,2021.06.09.20.26.11_veh-35_00026_00236,True,0.0,0.0,0.0,0.0,1.0,1.0,0.0,2021.06.09.20.26.11_veh-35,left_turn,3.1489810943603516
2516f0fa67f9535f,2021.06.09.20.26.11_veh-35_00247_00529,True,1.0,1.0,1.0,1.0,1.0,1.0,1.0,2021.06.09.20.26.11_veh-35,straight,1.3889439105987549
7c43ce4287c252da,2021.06.09.20.26.11_veh-35_00970_01216,True,1.0,1.0,0.7489553433686772,0.0,1.0,1.0,0.4787313930702822,2021.06.09.20.26.11_veh-35,straight,2.97583270072937
19d4494c803e560c,2021.06.09.20.26.11_veh-35_01227_01514,True,1.0,1.0,0.649361172504423,1.0,1.0,1.0,0.8539004885435096,2021.06.09.20.26.11_veh-35,right_turn,2.5116066932678223
d44dd618a0435337,2021.06.14.16.32.09_veh-35_01781_02379,True,1.0,1.0,0.7272353438243255,1.0,1.0,1.0,0.8863480599268024,2021.06.14.16.32.09_veh-35,straight,3.0306396484375
ab878f89d3235f46,2021.06.14.16.32.09_veh-35_02618_02873,True,1.0,1.0,1.0,1.0,1.0,1.0,1.0,2021.06.14.16.32.09_veh-35,right_turn,2.182184934616089
256844f1f2c05f59,2021.06.14.16.32.09_veh-35_02618_02873,True,1.0,1.0,0.44795629899345374,1.0,1.0,1.0,0.7699817912472723,2021.06.14.16.32.09_veh-35,left_turn,2.5141375064849854
2b2c80d7c63e5ea4,2021.06.14.16.32.09_veh-35_02928_03118,True,1.0,1.0,1.0,1.0,1.0,1.0,1.0,2021.06.14.16.32.09_veh-35,straight,2.303670883178711
074d146bab0b5702,2021.06.14.18.42.45_veh-12_01065_01152,True,1.0,1.0,0.5959144734149656,1.0,1.0,1.0,0.831631030589569,2021.06.14.18.42.45_veh-12,left_turn,2.4031271934509277
0688df41ff5d5c4c,2021.06.14.18.42.45_veh-12_01535_01612,True,1.0,1.0,1.0,1.0,1.0,1.0,1.0,2021.06.14.18.42.45_veh-12,straight,1.3777706623077393
889fd6e7cae75990,2021.06.14.18.42.45_veh-12_02099_02167,True,1.0,1.0,1.0,1.0,1.0,1.0,1.0,2021.06.14.18.42.45_veh-12,right_turn,0.7379848957061768
6c08df07d2e35e8d,2021.06.23.14.58.13_veh-35_01130_01820,True,1.0,0.0,0.0,1.0,1.0,1.0,0.0,2021.06.23.14.58.13_veh-35,right_turn,1.955526351928711
31d565f74269592e,2021.06.23.14.58.13_veh-35_01130_01820,True,1.0,1.0,1.0,1.0,1.0,1.0,1.0,2021.06.23.14.58.13_veh-35,left_turn,2.313295364379883
d2b4594cfb045819,2021.06.23.14.58.13_veh-35_01831_02026,True,1.0,1.0,0.8363393418932701,1.0,1.0,1.0,0.9318080591221959,2021.06.23.14.58.13_veh-35,straight,1.1745140552520752
99a10bd9109b54b2,2021.06.23.14.58.13_veh-35_02037_04783,True,1.0,1.0,0.9058900112946021,1.0,1.0,1.0,0.9607875047060842,2021.06.23.14.58.13_veh-35,straight,0.9518089294433594
a2c0200ec66a5f3c,2021.06.23.18.23.38_veh-26_00663_01217,True,1.0,1.0,0.4561966650524768,1.0,1.0,1.0,0.7734152771051986,2021.06.23.18.23.38_veh-26,straight,4.735329627990723
5912e3f187af51d6,2021.06.23.18.23.38_veh-26_00663_01217,True,1.0,1.0,0.6126682044147744,1.0,1.0,1.0,0.8386117518394892,2021.06.23.18.23.38_veh-26,straight,1.7155847549438477
b92f49ef1c155d86,2021.06.23.18.23.38_veh-26_01238_01416,True,1.0,1.0,0.6048564533709244,1.0,1.0,1.0,0.8353568555712186,2021.06.23.18.23.38_veh-26,left_turn,2.2217137813568115
d4ecfa74d8bb5d1e,2021.06.23.18.23.38_veh-26_01769_01925,True,1.0,0.0,0.0,1.0,1.0,1.0,0.0,2021.06.23.18.23.38_veh-26,right_turn,3.348389148712158
fc01494fa43653b8,2021.07.09.01.37.16_veh-26_01726_01793,True,1.0,0.0,0.0,1.0,1.0,1.0,0.0,2021.07.09.01.37.16_veh-26,right_turn,2.1234326362609863
c3ba85bd489a5e47,2021.07.09.01.37.16_veh-26_03432_03503,True,1.0,1.0,1.0,1.0,1.0,1.0,1.0,2021.07.09.01.37.16_veh-26,straight,1.5570387840270996
d8ba4e0d67e7535f,2021.07.09.01.37.16_veh-26_04675_04767,True,1.0,1.0,0.570305656302396,1.0,1.0,1.0,0.8209606901259984,2021.07.09.01.37.16_veh-26,straight,1.5459983348846436
0c1721a6aed35c4c,2021.07.09.01.37.16_veh-26_04815_04878,True,1.0,1.0,0.5743894435461113,1.0,1.0,1.0,0.8226622681442132,2021.07.09.01.37.16_veh-26,left_turn,4.707150936126709
2c69b238ae3a55b9,2021.07.16.16.01.30_veh-38_02497_03871,True,1.0,1.0,0.9531717139637415,1.0,1.0,1.0,0.980488214151559,2021.07.16.16.01.30_veh-38,left_turn,1.7850890159606934
771fc00de1b15ba2,2021.07.16.16.01.30_veh-38_03893_05253,True,1.0,0.0,0.0,1.0,1.0,1.0,0.0,2021.07.16.16.01.30_veh-38,straight,0.2638755738735199
beb6d0834ae251d2,2021.07.16.16.01.30_veh-38_05274_05744,True,1.0,1.0,1.0,1.0,1.0,1.0,1.0,2021.07.16.16.01.30_veh-38,right_turn,2.6268842220306396
c27a4cdf2a3d5fc1,2021.07.16.16.01.30_veh-38_05274_05744,True,1.0,1.0,0.9790181906987996,1.0,1.0,1.0,0.9912575794578332,2021.07.16.16.01.30_veh-38,straight,3.398761034011841
706395b464525f9d,2021.07.16.16.27.22_veh-26_01536_02260,True,1.0,1.0,0.5599250322102154,1.0,1.0,1.0,0.8166354300875898,2021.07.16.16.27.22_veh-26,right_turn,1.9538872241973877
6244a789f919560d,2021.07.16.16.27.22_veh-26_02282_03814,True,1.0,1.0,0.48095282613286994,1.0,1.0,1.0,0.7837303442220293,2021.07.16.16.27.22_veh-26,left_turn,2.7708661556243896
fcd2e3163a3f58e3,2021.07.16.16.27.22_veh-26_03836_05047,True,1.0,1.0,1.0,1.0,1.0,1.0,1.0,2021.07.16.16.27.22_veh-26,straight,1.098902940750122
8f78b12b998a554e,2021.07.16.16.27.22_veh-26_03836_05047,True,1.0,1.0,0.5669452691359114,1.0,1.0,1.0,0.8195605288066297,2021.07.16.16.27.22_veh-26,straight,0.7877860069274902
990d9ca7dba559fa,2021.07.16.18.06.21_veh-38_01526_02150,True,1.0,1.0,1.0,1.0,1.0,1.0,1.0,2021.07.16.18.06.21_veh-38,straight,0.9748992323875427
141e47eee4155a71,2021.07.16.18.06.21_veh-38_02197_03220,True,1.0,1.0,0.2542918427631548,1.0,1.0,1.0,0.6892882678179811,2021.07.16.18.06.21_veh-38,straight,4.221518039703369
cbebebfc9f545bbb,2021.07.16.18.06.21_veh-38_02197_03220,True,1.0,0.0,0.0,1.0,1.0,1.0,0.0,2021.07.16.18.06.21_veh-38,left_turn,1.2089229822158813
90a79351977a5f32,2021.07.16.18.06.21_veh-38_04933_05307,True,1.0,1.0,0.06437007467918548,1.0,1.0,1.0,0.610154197782994,2021.07.16.18.06.21_veh-38,right_turn,2.1134049892425537
8d709e8b74095ad8,2021.07.16.20.45.29_veh-35_00016_00589,True,1.0,1.0,0.8278946266119772,1.0,1.0,1.0,0.9282894277549906,2021.07.16.20.45.29_veh-35,left_turn,1.9515985250473022
06ac0b6449e75fde,2021.07.16.20.45.29_veh-35_00016_00589,True,1.0,1.0,1.0,1.0,1.0,1.0,1.0,2021.07.16.20.45.29_veh-35,left_turn,2.2968177795410156
af7f568aefd558f4,2021.07.16.20.45.29_veh-35_01513_02486,True,1.0,1.0,0.14032959624624167,1.0,1.0,1.0,0.641803998435934,2021.07.16.20.45.29_veh-35,right_turn,2.5124378204345703
823579d31fc85a37,2021.07.16.20.45.29_veh-35_02509_02649,True,1.0,1.0,0.707934303378599,1.0,1.0,1.0,0.8783059597410828,2021.07.16.20.45.29_veh-35,straight,2.149857521057129
bf1671708a1c595b,2021.07.24.16.07.03_veh-35_01649_01813,True,1.0,1.0,0.9236475054330706,1.0,1.0,1.0,0.9681864605971127,2021.07.24.16.07.03_veh-35,right_turn,2.843478202819824
a4ab0cdf700f5f2a,2021.07.24.16.07.03_veh-35_01649_01813,True,1.0,1.0,0.7196408756757839,1.0,1.0,1.0,0.8831836981982434,2021.07.24.16.07.03_veh-35,straight,0.5432264804840088
d600eaa6cac05083,2021.07.24.16.07.03_veh-35_01649_01813,True,1.0,1.0,0.7948732695714246,1.0,1.0,1.0,0.9145305289880935,2021.07.24.16.07.03_veh-35,straight,1.668536901473999
fab7ac3278c35521,2021.07.24.16.07.03_veh-35_01649_01813,True,1.0,1.0,1.0,1.0,1.0,1.0,1.0,2021.07.24.16.07.03_veh-35,left_turn,1.1877294778823853
0154b4928cde52bb,2021.08.17.14.32.33_veh-08_00016_00354,True,0.0,1.0,0.0,0.0,1.0,0.0,0.0,2021.08.17.14.32.33_veh-08,straight,4.314929008483887
cc74833dde2a5fbf,2021.08.17.14.32.33_veh-08_00521_01051,True,1.0,1.0,0.32938298521885057,1.0,1.0,1.0,0.7205762438411877,2021.08.17.14.32.33_veh-08,right_turn,1.3035352230072021
525852ca88245a26,2021.08.17.14.32.33_veh-08_00521_01051,True,0.0,1.0,0.0,0.0,1.0,1.0,0.0,2021.08.17.14.32.33_veh-08,left_turn,1.03360116481781
ea09a393ea6f5fb0,2021.08.17.14.32.33_veh-08_01576_01919,True,1.0,0.0,0.0,1.0,1.0,0.0,0.0,2021.08.17.14.32.33_veh-08,straight,2.6832244396209717
05ea83c7d41d5226,2021.08.17.16.48.45_veh-43_00451_00871,True,1.0,1.0,1.0,1.0,1.0,1.0,1.0,2021.08.17.16.48.45_veh-43,straight,0.9080185890197754
1244e29b3a6e588a,2021.08.17.16.48.45_veh-43_00451_00871,True,1.0,1.0,0.5923932816852838,1.0,1.0,1.0,0.8301638673688684,2021.08.17.16.48.45_veh-43,left_turn,3.033323287963867
e35e047c6fb15706,2021.08.17.16.48.45_veh-43_00451_00871,True,1.0,1.0,0.32856121812675626,0.0,1.0,1.0,0.3035671742194818,2021.08.17.16.48.45_veh-43,right_turn,3.376492738723755
30cc91dc68575362,2021.08.17.16.48.45_veh-43_01060_01405,True,1.0,1.0,0.8428806010150057,1.0,1.0,1.0,0.9345335837562523,2021.08.17.16.48.45_veh-43,straight,1.1109402179718018
487e3708e7905cde,2021.08.17.19.18.39_veh-08_00208_00380,True,1.0,0.0,0.0,1.0,1.0,1.0,0.0,2021.08.17.19.18.39_veh-08,left_turn,0.9955787062644958
ece60c6787085f75,2021.08.17.19.18.39_veh-08_00407_00595,True,1.0,1.0,0.7215181859654389,0.0,1.0,0.5,0.46729924415226626,2021.08.17.19.18.39_veh-08,straight,2.683711290359497
349f941ae5f25431,2021.08.17.19.18.39_veh-08_00696_00823,True,1.0,0.0,0.0,1.0,1.0,0.0,0.0,2021.08.17.19.18.39_veh-08,straight,4.072495460510254
efbb5775296a5786,2021.08.17.19.18.39_veh-08_00696_00823,True,1.0,1.0,0.2668118143636111,1.0,1.0,1.0,0.6945049226515047,2021.08.17.19.18.39_veh-08,right_turn,2.8557372093200684
95a6970bae4f57a2,2021.08.31.17.42.52_veh-40_00389_00526,True,1.0,1.0,0.6287611365795618,1.0,1.0,1.0,0.8453171402414842,2021.08.31.17.42.52_veh-40,left_turn,2.2047007083892822
af839b7d903d5458,2021.08.31.17.42.52_veh-40_00551_00680,True,1.0,1.0,0.8218182122520179,1.0,1.0,1.0,0.9257575884383408,2021.08.31.17.42.52_veh-40,straight,0.10219897329807281
98858b485ade5b47,2021.08.31.17.42.52_veh-40_00833_00953,True,1.0,1.0,0.8952891183378349,1.0,1.0,1.0,0.9563704659740978,2021.08.31.17.42.52_veh-40,straight,1.3495298624038696
9dfa8c7ecdfe5e32,2021.08.31.17.42.52_veh-40_01551_01684,True,1.0,1.0,0.6875335009400241,1.0,1.0,1.0,0.8698056253916766,2021.08.31.17.42.52_veh-40,right_turn,1.7982839345932007
2754ab87df25534c,2021.10.05.08.11.15_veh-50_00437_00585,True,1.0,1.0,0.5146476276351848,1.0,1.0,1.0,0.7977698448479936,2021.10.05.08.11.15_veh-50,left_turn,0.757443368434906
4c58f7d8218251d0,2021.10.05.08.11.15_veh-50_00710_00903,True,0.5,0.0,0.0,0.0,1.0,1.0,0.0,2021.10.05.08.11.15_veh-50,straight,0.5940204858779907
6ff24958dae5512a,2021.10.05.08.11.15_veh-50_00710_00903,True,1.0,0.0,0.0,1.0,1.0,1.0,0.0,2021.10.05.08.11.15_veh-50,left_turn,1.9452909231185913
bbfb37562b8a5753,2021.10.05.08.11.15_veh-50_01566_01801,True,1.0,1.0,0.32620876442965535,1.0,1.0,1.0,0.7192536518456897,2021.10.05.08.11.15_veh-50,right_turn,3.6153435707092285
4f7e4e373d59537d,2021.10.06.18.52.07_veh-28_01072_01157,True,1.0,1.0,0.8217926846268098,1.0,1.0,1.0,0.9257469519278375,2021.10.06.18.52.07_veh-28,right_turn,0.41735920310020447
1eb61067b60c5c39,2021.10.06.18.52.07_veh-28_01072_01157,True,1.0,1.0,0.7355235861421963,1.0,1.0,1.0,0.8898014942259151,2021.10.06.18.52.07_veh-28,straight,1.3210883140563965
562522d267b7515a,2021.10.06.18.52.07_veh-28_01072_01157,True,1.0,1.0,0.6320076946617575,0.0,1.0,1.0,0.43000320610906567,2021.10.06.18.52.07_veh-28,left_turn,2.166170597076416
89256da7d2715748,2021.10.06.18.52.07_veh-28_01474_01908,True,1.0,1.0,0.5089715896961345,1.0,1.0,1.0,0.795404829040056,2021.10.06.18.52.07_veh-28,straight,1.132036566734314
e909cae9ee81593c,2021.10.11.07.12.18_veh-50_00541_00832,True,1.0,1.0,0.1927503810426462,1.0,1.0,1.0,0.6636459921011025,2021.10.11.07.12.18_veh-50,right_turn,2.1627089977264404
c027a5b9300d58d7,2021.10.11.07.12.18_veh-50_00866_01534,True,1.0,0.0,0.0,1.0,1.0,1.0,0.0,2021.10.11.07.12.18_veh-50,left_turn,1.5434174537658691
75046d0fb71e5323,2021.10.11.07.12.18_veh-50_00866_01534,True,1.0,1.0,0.39927854087721065,1.0,1.0,1.0,0.7496993920321712,2021.10.11.07.12.18_veh-50,straight,3.188236951828003
a867a86699555a7c,2021.10.11.07.12.18_veh-50_01571_01823,True,1.0,0.0,0.0,1.0,1.0,1.0,0.0,2021.10.11.07.12.18_veh-50,left_turn,2.7381787300109863
4d37ca1d9c985401,2021.10.11.07.47.13_veh-50_00202_00310,True,1.0,1.0,0.5404492526203609,1.0,1.0,1.0,0.8085205219251503,2021.10.11.07.47.13_veh-50,straight,0.25732678174972534
f1298e2cbf985cc9,2021.10.11.07.47.13_veh-50_00202_00310,True,1.0,1.0,0.4670573837573113,1.0,1.0,1.0,0.7779405765655464,2021.10.11.07.47.13_veh-50,left_turn,2.7599740028381348
5581c2f534ae5c69,2021.10.11.07.47.13_veh-50_00736_00843,True,1.0,0.0,0.0,1.0,1.0,0.5,0.0,2021.10.11.07.47.13_veh-50,right_turn,3.0297670364379883
d4a5764b2fdc5938,2021.10.11.07.47.13_veh-50_01513_02138,True,1.0,1.0,0.4024450701146546,0.0,1.0,1.0,0.3343521125477727,2021.10.11.07.47.13_veh-50,left_turn,3.1111152172088623
