scene_index,token,recording_group,scenario,camera_index,camera,center_mean_input_px,center_max_input_px,size_mean_absolute_percent,presence_before_mean,presence_after_mean,presence_mean_absolute_change,comparison_png,overlay_png
0,409c959993075841,2021.05.12.19.36.12_veh-35,left_turn,0,front,1.8156964778900146,7.4022746086120605,11.992210388183594,0.7376170754432678,0.48977869749069214,0.36682653427124023,comparisons/scene_000_front.png,overlays/scene_000_front.png
0,409c959993075841,2021.05.12.19.36.12_veh-35,left_turn,1,back,2.3576834201812744,13.530813217163086,13.355493545532227,0.7078900337219238,0.6129245758056641,0.19499602913856506,comparisons/scene_000_back.png,overlays/scene_000_back.png
0,409c959993075841,2021.05.12.19.36.12_veh-35,left_turn,2,left,1.9593758583068848,6.079633712768555,13.700508117675781,0.5113463401794434,0.5022876262664795,0.17909081280231476,comparisons/scene_000_left.png,overlays/scene_000_left.png
0,409c959993075841,2021.05.12.19.36.12_veh-35,left_turn,3,right,1.6423659324645996,6.113770008087158,16.96857452392578,0.6676487922668457,0.501388430595398,0.2695353031158447,comparisons/scene_000_right.png,overlays/scene_000_right.png
1,47bbc5be68705d5e,2021.05.12.19.36.12_veh-35,left_turn,0,front,1.4241180419921875,4.509970188140869,12.345993041992188,0.6506381034851074,0.5471799373626709,0.2869211435317993,comparisons/scene_001_front.png,overlays/scene_001_front.png
1,47bbc5be68705d5e,2021.05.12.19.36.12_veh-35,left_turn,1,back,2.2960917949676514,16.46588897705078,14.452659606933594,0.8187525272369385,0.5781953930854797,0.36954888701438904,comparisons/scene_001_back.png,overlays/scene_001_back.png
1,47bbc5be68705d5e,2021.05.12.19.36.12_veh-35,left_turn,2,left,2.1853251457214355,10.833847045898438,11.888506889343262,0.6713137626647949,0.4669498801231384,0.35443687438964844,comparisons/scene_001_left.png,overlays/scene_001_left.png
1,47bbc5be68705d5e,2021.05.12.19.36.12_veh-35,left_turn,3,right,2.209193229675293,6.337512493133545,13.739595413208008,0.6824290752410889,0.5501794219017029,0.23909775912761688,comparisons/scene_001_right.png,overlays/scene_001_right.png
2,c94ee8ade05a5b12,2021.05.12.19.36.12_veh-35,straight,0,front,2.012150764465332,7.7505059242248535,9.862306594848633,0.7663446068763733,0.44152337312698364,0.3898262679576874,comparisons/scene_002_front.png,overlays/scene_002_front.png
2,c94ee8ade05a5b12,2021.05.12.19.36.12_veh-35,straight,1,back,1.947149395942688,14.366374969482422,13.539294242858887,0.49390721321105957,0.49289941787719727,0.17168548703193665,comparisons/scene_002_back.png,overlays/scene_002_back.png
2,c94ee8ade05a5b12,2021.05.12.19.36.12_veh-35,straight,2,left,2.2960686683654785,7.9054741859436035,12.253227233886719,0.6468732357025146,0.4142104983329773,0.38128530979156494,comparisons/scene_002_left.png,overlays/scene_002_left.png
2,c94ee8ade05a5b12,2021.05.12.19.36.12_veh-35,straight,3,right,2.1819982528686523,11.946287155151367,12.089317321777344,0.6403062343597412,0.48309609293937683,0.2920234203338623,comparisons/scene_002_right.png,overlays/scene_002_right.png
3,45ecf1d6d8b850af,2021.05.12.19.36.12_veh-35,right_turn,0,front,1.8596110343933105,5.446527481079102,9.570928573608398,0.6799957752227783,0.4046249985694885,0.3796233534812927,comparisons/scene_003_front.png,overlays/scene_003_front.png
3,45ecf1d6d8b850af,2021.05.12.19.36.12_veh-35,right_turn,1,back,1.729259729385376,6.821949481964111,12.102513313293457,0.7216869592666626,0.5862264633178711,0.34910839796066284,comparisons/scene_003_back.png,overlays/scene_003_back.png
3,45ecf1d6d8b850af,2021.05.12.19.36.12_veh-35,right_turn,2,left,1.9529733657836914,9.1129732131958,11.182618141174316,0.7040934562683105,0.4152626395225525,0.45480984449386597,comparisons/scene_003_left.png,overlays/scene_003_left.png
3,45ecf1d6d8b850af,2021.05.12.19.36.12_veh-35,right_turn,3,right,2.2821850776672363,7.930271625518799,16.251384735107422,0.628636360168457,0.6270445585250854,0.18229065835475922,comparisons/scene_003_right.png,overlays/scene_003_right.png
4,dfbc05e031b9508e,2021.06.07.12.42.11_veh-38,straight,0,front,2.2305188179016113,7.291222095489502,13.170581817626953,0.6257215738296509,0.5102826952934265,0.20055247843265533,comparisons/scene_004_front.png,overlays/scene_004_front.png
4,dfbc05e031b9508e,2021.06.07.12.42.11_veh-38,straight,1,back,2.0791995525360107,10.019895553588867,12.663118362426758,0.6325099468231201,0.5025028586387634,0.25104421377182007,comparisons/scene_004_back.png,overlays/scene_004_back.png
4,dfbc05e031b9508e,2021.06.07.12.42.11_veh-38,straight,2,left,2.113454580307007,6.450843811035156,12.42815113067627,0.6220262050628662,0.6643596291542053,0.2387208640575409,comparisons/scene_004_left.png,overlays/scene_004_left.png
4,dfbc05e031b9508e,2021.06.07.12.42.11_veh-38,straight,3,right,2.5349762439727783,11.068044662475586,12.358851432800293,0.5481424927711487,0.3846287131309509,0.2560141682624817,comparisons/scene_004_right.png,overlays/scene_004_right.png
5,3d5bb2e76f9a5c31,2021.06.07.12.42.11_veh-38,left_turn,0,front,2.446012496948242,11.534311294555664,16.31131362915039,0.6723895072937012,0.4519939720630646,0.30173808336257935,comparisons/scene_005_front.png,overlays/scene_005_front.png
5,3d5bb2e76f9a5c31,2021.06.07.12.42.11_veh-38,left_turn,1,back,1.8556443452835083,8.920136451721191,13.574012756347656,0.670695424079895,0.5111749172210693,0.5191676616668701,comparisons/scene_005_back.png,overlays/scene_005_back.png
5,3d5bb2e76f9a5c31,2021.06.07.12.42.11_veh-38,left_turn,2,left,2.2880094051361084,8.712182998657227,15.909605026245117,0.7020572423934937,0.6026323437690735,0.2415902316570282,comparisons/scene_005_left.png,overlays/scene_005_left.png
5,3d5bb2e76f9a5c31,2021.06.07.12.42.11_veh-38,left_turn,3,right,1.8819855451583862,4.637253761291504,14.01626205444336,0.7653026580810547,0.4679263234138489,0.3765261173248291,comparisons/scene_005_right.png,overlays/scene_005_right.png
6,9e8a3b779893578d,2021.06.07.12.42.11_veh-38,right_turn,0,front,2.1781091690063477,10.854609489440918,13.894967079162598,0.558937132358551,0.32765617966651917,0.36918583512306213,comparisons/scene_006_front.png,overlays/scene_006_front.png
6,9e8a3b779893578d,2021.06.07.12.42.11_veh-38,right_turn,1,back,2.1385860443115234,8.070573806762695,13.864751815795898,0.6581037044525146,0.4633913040161133,0.3386816382408142,comparisons/scene_006_back.png,overlays/scene_006_back.png
6,9e8a3b779893578d,2021.06.07.12.42.11_veh-38,right_turn,2,left,2.425757884979248,8.810885429382324,14.526358604431152,0.72397381067276,0.5324080586433411,0.3194032311439514,comparisons/scene_006_left.png,overlays/scene_006_left.png
6,9e8a3b779893578d,2021.06.07.12.42.11_veh-38,right_turn,3,right,2.4974558353424072,8.299220085144043,11.046445846557617,0.37971261143684387,0.29685336351394653,0.23754437267780304,comparisons/scene_006_right.png,overlays/scene_006_right.png
7,fb8a66a492af5472,2021.06.07.12.42.11_veh-38,straight,0,front,2.7588186264038086,10.27517032623291,14.753887176513672,0.5958936214447021,0.37954163551330566,0.3470054268836975,comparisons/scene_007_front.png,overlays/scene_007_front.png
7,fb8a66a492af5472,2021.06.07.12.42.11_veh-38,straight,1,back,2.6912596225738525,8.785852432250977,12.640684127807617,0.5760529041290283,0.343315064907074,0.35430842638015747,comparisons/scene_007_back.png,overlays/scene_007_back.png
7,fb8a66a492af5472,2021.06.07.12.42.11_veh-38,straight,2,left,1.8885977268218994,7.012884140014648,13.050156593322754,0.7017449736595154,0.3936094045639038,0.391501784324646,comparisons/scene_007_left.png,overlays/scene_007_left.png
7,fb8a66a492af5472,2021.06.07.12.42.11_veh-38,straight,3,right,2.43147611618042,7.8503594398498535,15.02044677734375,0.6110275983810425,0.5132194757461548,0.3151892423629761,comparisons/scene_007_right.png,overlays/scene_007_right.png
8,4cd5bb8cf4fd52fa,2021.06.08.12.54.54_veh-26,right_turn,0,front,3.1302976608276367,12.732612609863281,13.001729011535645,0.5979257822036743,0.37094324827194214,0.4174339473247528,comparisons/scene_008_front.png,overlays/scene_008_front.png
8,4cd5bb8cf4fd52fa,2021.06.08.12.54.54_veh-26,right_turn,1,back,2.3754405975341797,12.251480102539062,10.183683395385742,0.7504216432571411,0.43757885694503784,0.43407347798347473,comparisons/scene_008_back.png,overlays/scene_008_back.png
8,4cd5bb8cf4fd52fa,2021.06.08.12.54.54_veh-26,right_turn,2,left,2.4859817028045654,9.220389366149902,11.704559326171875,0.5873861312866211,0.483920156955719,0.2820627689361572,comparisons/scene_008_left.png,overlays/scene_008_left.png
8,4cd5bb8cf4fd52fa,2021.06.08.12.54.54_veh-26,right_turn,3,right,2.7108371257781982,14.62337589263916,15.680041313171387,0.6527336835861206,0.5917410850524902,0.20372545719146729,comparisons/scene_008_right.png,overlays/scene_008_right.png
9,7284ec454f13519e,2021.06.08.12.54.54_veh-26,straight,0,front,1.68609619140625,5.57830810546875,10.632850646972656,0.7437148690223694,0.5243043303489685,0.34658098220825195,comparisons/scene_009_front.png,overlays/scene_009_front.png
9,7284ec454f13519e,2021.06.08.12.54.54_veh-26,straight,1,back,2.177942991256714,9.732649803161621,12.53120231628418,0.7521185874938965,0.59194415807724,0.3176364004611969,comparisons/scene_009_back.png,overlays/scene_009_back.png
9,7284ec454f13519e,2021.06.08.12.54.54_veh-26,straight,2,left,1.768269419670105,8.837759971618652,12.520580291748047,0.8025782108306885,0.5642896890640259,0.3544608950614929,comparisons/scene_009_left.png,overlays/scene_009_left.png
9,7284ec454f13519e,2021.06.08.12.54.54_veh-26,straight,3,right,3.4795632362365723,11.911965370178223,16.5920467376709,0.5760903358459473,0.5180460214614868,0.3454703688621521,comparisons/scene_009_right.png,overlays/scene_009_right.png
10,15a1be5a800650b1,2021.06.08.12.54.54_veh-26,straight,0,front,1.7914656400680542,7.853006839752197,12.542182922363281,0.650941014289856,0.4426482617855072,0.36708852648735046,comparisons/scene_010_front.png,overlays/scene_010_front.png
10,15a1be5a800650b1,2021.06.08.12.54.54_veh-26,straight,1,back,1.4062473773956299,7.6406683921813965,8.088558197021484,0.8167358636856079,0.581462025642395,0.36470040678977966,comparisons/scene_010_back.png,overlays/scene_010_back.png
10,15a1be5a800650b1,2021.06.08.12.54.54_veh-26,straight,2,left,2.230377435684204,19.44612693786621,12.818187713623047,0.8064924478530884,0.6071212887763977,0.29826706647872925,comparisons/scene_010_left.png,overlays/scene_010_left.png
10,15a1be5a800650b1,2021.06.08.12.54.54_veh-26,straight,3,right,3.526075839996338,13.420316696166992,16.816268920898438,0.5474258661270142,0.26337167620658875,0.32076168060302734,comparisons/scene_010_right.png,overlays/scene_010_right.png
11,79d0884dfc335c7d,2021.06.08.12.54.54_veh-26,left_turn,0,front,1.8047468662261963,8.92075252532959,11.0897216796875,0.7965660095214844,0.5156479477882385,0.3348413109779358,comparisons/scene_011_front.png,overlays/scene_011_front.png
11,79d0884dfc335c7d,2021.06.08.12.54.54_veh-26,left_turn,1,back,1.872187852859497,7.171396732330322,10.617045402526855,0.708763599395752,0.4982415735721588,0.2913990318775177,comparisons/scene_011_back.png,overlays/scene_011_back.png
11,79d0884dfc335c7d,2021.06.08.12.54.54_veh-26,left_turn,2,left,2.0947909355163574,8.986048698425293,16.14244270324707,0.6653777360916138,0.532935619354248,0.3200210928916931,comparisons/scene_011_left.png,overlays/scene_011_left.png
11,79d0884dfc335c7d,2021.06.08.12.54.54_veh-26,left_turn,3,right,1.994725227355957,8.132765769958496,11.94686508178711,0.7707481980323792,0.4025813639163971,0.38718685507774353,comparisons/scene_011_right.png,overlays/scene_011_right.png
12,1061433656085b89,2021.06.09.12.51.31_veh-35,left_turn,0,front,2.718942642211914,8.10686206817627,18.224918365478516,0.4126332700252533,0.22955645620822906,0.34621164202690125,comparisons/scene_012_front.png,overlays/scene_012_front.png
12,1061433656085b89,2021.06.09.12.51.31_veh-35,left_turn,1,back,3.065845489501953,16.46778678894043,13.405277252197266,0.5756630301475525,0.37621742486953735,0.2901592254638672,comparisons/scene_012_back.png,overlays/scene_012_back.png
12,1061433656085b89,2021.06.09.12.51.31_veh-35,left_turn,2,left,2.305896520614624,9.332016944885254,14.703044891357422,0.6030417680740356,0.48245710134506226,0.2984151244163513,comparisons/scene_012_left.png,overlays/scene_012_left.png
12,1061433656085b89,2021.06.09.12.51.31_veh-35,left_turn,3,right,2.116217613220215,9.440823554992676,9.832239151000977,0.5881986618041992,0.41364917159080505,0.3095622658729553,comparisons/scene_012_right.png,overlays/scene_012_right.png
13,ad3ed08746b7507a,2021.06.09.12.51.31_veh-35,straight,0,front,1.9258222579956055,7.274224758148193,12.319282531738281,0.7718445062637329,0.49121272563934326,0.3294927477836609,comparisons/scene_013_front.png,overlays/scene_013_front.png
13,ad3ed08746b7507a,2021.06.09.12.51.31_veh-35,straight,1,back,2.531778335571289,7.31817626953125,14.676013946533203,0.554628849029541,0.3001386523246765,0.3655772805213928,comparisons/scene_013_back.png,overlays/scene_013_back.png
13,ad3ed08746b7507a,2021.06.09.12.51.31_veh-35,straight,2,left,2.1242847442626953,9.22210693359375,11.777251243591309,0.7211854457855225,0.5754818916320801,0.2689089775085449,comparisons/scene_013_left.png,overlays/scene_013_left.png
13,ad3ed08746b7507a,2021.06.09.12.51.31_veh-35,straight,3,right,1.9498605728149414,6.95719575881958,14.575648307800293,0.6364413499832153,0.468400239944458,0.24591967463493347,comparisons/scene_013_right.png,overlays/scene_013_right.png
14,212aec8a1f185857,2021.06.09.12.51.31_veh-35,left_turn,0,front,1.8900742530822754,8.09803581237793,13.159185409545898,0.8444842100143433,0.681466817855835,0.2550772428512573,comparisons/scene_014_front.png,overlays/scene_014_front.png
14,212aec8a1f185857,2021.06.09.12.51.31_veh-35,left_turn,1,back,2.520329475402832,16.583173751831055,13.292547225952148,0.5975246429443359,0.5625411868095398,0.2171386182308197,comparisons/scene_014_back.png,overlays/scene_014_back.png
14,212aec8a1f185857,2021.06.09.12.51.31_veh-35,left_turn,2,left,2.473273754119873,10.008127212524414,11.904409408569336,0.7007662057876587,0.6243860125541687,0.24768082797527313,comparisons/scene_014_left.png,overlays/scene_014_left.png
14,212aec8a1f185857,2021.06.09.12.51.31_veh-35,left_turn,3,right,1.9774484634399414,9.034720420837402,12.600017547607422,0.7740793228149414,0.7675080299377441,0.1164797693490982,comparisons/scene_014_right.png,overlays/scene_014_right.png
15,9d7b5e598edb5c90,2021.06.09.12.51.31_veh-35,right_turn,0,front,1.7668524980545044,6.054281711578369,12.462091445922852,0.740331768989563,0.4969916343688965,0.3183189630508423,comparisons/scene_015_front.png,overlays/scene_015_front.png
15,9d7b5e598edb5c90,2021.06.09.12.51.31_veh-35,right_turn,1,back,1.596887469291687,8.377975463867188,8.105422973632812,0.675512433052063,0.6265647411346436,0.27932679653167725,comparisons/scene_015_back.png,overlays/scene_015_back.png
15,9d7b5e598edb5c90,2021.06.09.12.51.31_veh-35,right_turn,2,left,1.9774786233901978,6.8130035400390625,11.00016975402832,0.56339031457901,0.3785034418106079,0.29631468653678894,comparisons/scene_015_left.png,overlays/scene_015_left.png
15,9d7b5e598edb5c90,2021.06.09.12.51.31_veh-35,right_turn,3,right,2.0563840866088867,8.903127670288086,11.608407020568848,0.7023205161094666,0.6116992831230164,0.2188856303691864,comparisons/scene_015_right.png,overlays/scene_015_right.png
16,c51a60c854c951cf,2021.06.09.14.58.55_veh-35,straight,0,front,2.3485310077667236,10.45602035522461,13.39428424835205,0.6273217797279358,0.46290403604507446,0.329970121383667,comparisons/scene_016_front.png,overlays/scene_016_front.png
16,c51a60c854c951cf,2021.06.09.14.58.55_veh-35,straight,1,back,1.98797607421875,6.996172904968262,14.31041431427002,0.6939550042152405,0.5482626557350159,0.34099817276000977,comparisons/scene_016_back.png,overlays/scene_016_back.png
16,c51a60c854c951cf,2021.06.09.14.58.55_veh-35,straight,2,left,2.331963539123535,9.074878692626953,14.77833366394043,0.5941584706306458,0.5232192277908325,0.22719959914684296,comparisons/scene_016_left.png,overlays/scene_016_left.png
16,c51a60c854c951cf,2021.06.09.14.58.55_veh-35,straight,3,right,2.5931320190429688,12.230973243713379,16.918081283569336,0.6918299794197083,0.5290951728820801,0.330410897731781,comparisons/scene_016_right.png,overlays/scene_016_right.png
17,40a86c62a45e5ed7,2021.06.09.14.58.55_veh-35,left_turn,0,front,2.3344497680664062,6.902009010314941,13.990884780883789,0.4614883363246918,0.3921695351600647,0.24649009108543396,comparisons/scene_017_front.png,overlays/scene_017_front.png
17,40a86c62a45e5ed7,2021.06.09.14.58.55_veh-35,left_turn,1,back,3.8933119773864746,13.58049488067627,20.58893394470215,0.3252754509449005,0.1932697594165802,0.2397060990333557,comparisons/scene_017_back.png,overlays/scene_017_back.png
17,40a86c62a45e5ed7,2021.06.09.14.58.55_veh-35,left_turn,2,left,2.512233257293701,12.416841506958008,12.92905044555664,0.5965869426727295,0.48746925592422485,0.3052297830581665,comparisons/scene_017_left.png,overlays/scene_017_left.png
17,40a86c62a45e5ed7,2021.06.09.14.58.55_veh-35,left_turn,3,right,2.355292320251465,14.80614185333252,14.3717679977417,0.5005823969841003,0.37243083119392395,0.30695641040802,comparisons/scene_017_right.png,overlays/scene_017_right.png
18,78ab5d6426865762,2021.06.09.14.58.55_veh-35,right_turn,0,front,2.089988946914673,5.509779930114746,10.088323593139648,0.6945167779922485,0.3833121955394745,0.3917175829410553,comparisons/scene_018_front.png,overlays/scene_018_front.png
18,78ab5d6426865762,2021.06.09.14.58.55_veh-35,right_turn,1,back,2.2702481746673584,12.656999588012695,10.628303527832031,0.6627532839775085,0.45737072825431824,0.32782143354415894,comparisons/scene_018_back.png,overlays/scene_018_back.png
18,78ab5d6426865762,2021.06.09.14.58.55_veh-35,right_turn,2,left,1.8314118385314941,5.179666519165039,11.889154434204102,0.7759933471679688,0.5837399959564209,0.3296690285205841,comparisons/scene_018_left.png,overlays/scene_018_left.png
18,78ab5d6426865762,2021.06.09.14.58.55_veh-35,right_turn,3,right,2.893832206726074,12.731163024902344,10.11860466003418,0.459298312664032,0.40635916590690613,0.23951029777526855,comparisons/scene_018_right.png,overlays/scene_018_right.png
19,e52c486f4f6b57ed,2021.06.09.14.58.55_veh-35,straight,0,front,1.8745757341384888,7.657830238342285,12.186549186706543,0.641024649143219,0.5095421075820923,0.2999146282672882,comparisons/scene_019_front.png,overlays/scene_019_front.png
19,e52c486f4f6b57ed,2021.06.09.14.58.55_veh-35,straight,1,back,1.6062307357788086,5.250463485717773,10.503885269165039,0.6983442902565002,0.5792362093925476,0.27286702394485474,comparisons/scene_019_back.png,overlays/scene_019_back.png
19,e52c486f4f6b57ed,2021.06.09.14.58.55_veh-35,straight,2,left,1.7104568481445312,7.184251308441162,12.695072174072266,0.5669561624526978,0.4949314296245575,0.24491673707962036,comparisons/scene_019_left.png,overlays/scene_019_left.png
19,e52c486f4f6b57ed,2021.06.09.14.58.55_veh-35,straight,3,right,2.005110502243042,9.333549499511719,10.997637748718262,0.5530374050140381,0.5194635391235352,0.25511816143989563,comparisons/scene_019_right.png,overlays/scene_019_right.png
20,c49badb6afca5cbc,2021.06.09.20.26.11_veh-35,left_turn,0,front,2.3189573287963867,9.423745155334473,14.554322242736816,0.6126630306243896,0.4030148386955261,0.3303558826446533,comparisons/scene_020_front.png,overlays/scene_020_front.png
20,c49badb6afca5cbc,2021.06.09.20.26.11_veh-35,left_turn,1,back,2.330585479736328,10.852713584899902,11.228918075561523,0.7691277265548706,0.4619007408618927,0.39948052167892456,comparisons/scene_020_back.png,overlays/scene_020_back.png
20,c49badb6afca5cbc,2021.06.09.20.26.11_veh-35,left_turn,2,left,3.333056926727295,10.698254585266113,16.12738037109375,0.7487814426422119,0.44636070728302,0.3608514666557312,comparisons/scene_020_left.png,overlays/scene_020_left.png
20,c49badb6afca5cbc,2021.06.09.20.26.11_veh-35,left_turn,3,right,2.7711217403411865,10.783541679382324,11.360305786132812,0.5414581298828125,0.3642570376396179,0.30149322748184204,comparisons/scene_020_right.png,overlays/scene_020_right.png
21,2516f0fa67f9535f,2021.06.09.20.26.11_veh-35,straight,0,front,2.875659227371216,12.904474258422852,12.62491226196289,0.5948748588562012,0.48438799381256104,0.33204928040504456,comparisons/scene_021_front.png,overlays/scene_021_front.png
21,2516f0fa67f9535f,2021.06.09.20.26.11_veh-35,straight,1,back,2.513017177581787,8.242088317871094,11.376325607299805,0.5956276655197144,0.6093881130218506,0.2612696588039398,comparisons/scene_021_back.png,overlays/scene_021_back.png
21,2516f0fa67f9535f,2021.06.09.20.26.11_veh-35,straight,2,left,4.041565418243408,13.790095329284668,19.764558792114258,0.35760998725891113,0.10875466465950012,0.3000611662864685,comparisons/scene_021_left.png,overlays/scene_021_left.png
21,2516f0fa67f9535f,2021.06.09.20.26.11_veh-35,straight,3,right,2.235081195831299,8.578638076782227,13.353139877319336,0.5508175492286682,0.3837999105453491,0.285195916891098,comparisons/scene_021_right.png,overlays/scene_021_right.png
22,7c43ce4287c252da,2021.06.09.20.26.11_veh-35,straight,0,front,2.0850725173950195,12.360464096069336,11.152084350585938,0.6811050176620483,0.6174806356430054,0.2662670612335205,comparisons/scene_022_front.png,overlays/scene_022_front.png
22,7c43ce4287c252da,2021.06.09.20.26.11_veh-35,straight,1,back,2.311276912689209,11.518355369567871,12.933256149291992,0.7251665592193604,0.6690832376480103,0.26502513885498047,comparisons/scene_022_back.png,overlays/scene_022_back.png
22,7c43ce4287c252da,2021.06.09.20.26.11_veh-35,straight,2,left,2.1655240058898926,9.648425102233887,10.937102317810059,0.7168066501617432,0.6940091252326965,0.21521669626235962,comparisons/scene_022_left.png,overlays/scene_022_left.png
22,7c43ce4287c252da,2021.06.09.20.26.11_veh-35,straight,3,right,3.0089783668518066,13.455450057983398,14.223005294799805,0.522179365158081,0.43301016092300415,0.33521971106529236,comparisons/scene_022_right.png,overlays/scene_022_right.png
23,19d4494c803e560c,2021.06.09.20.26.11_veh-35,right_turn,0,front,2.223989486694336,9.883047103881836,14.095256805419922,0.6797589063644409,0.4217471480369568,0.392286092042923,comparisons/scene_023_front.png,overlays/scene_023_front.png
23,19d4494c803e560c,2021.06.09.20.26.11_veh-35,right_turn,1,back,2.2701897621154785,8.78300666809082,11.783031463623047,0.6502513885498047,0.36802518367767334,0.39962077140808105,comparisons/scene_023_back.png,overlays/scene_023_back.png
23,19d4494c803e560c,2021.06.09.20.26.11_veh-35,right_turn,2,left,2.6330695152282715,7.63877534866333,11.361520767211914,0.6962662935256958,0.3427184224128723,0.4303750991821289,comparisons/scene_023_left.png,overlays/scene_023_left.png
23,19d4494c803e560c,2021.06.09.20.26.11_veh-35,right_turn,3,right,2.601200580596924,10.264545440673828,14.495059967041016,0.6702309846878052,0.4893183708190918,0.36100390553474426,comparisons/scene_023_right.png,overlays/scene_023_right.png
24,d44dd618a0435337,2021.06.14.16.32.09_veh-35,straight,0,front,1.80630362033844,5.446479797363281,12.723905563354492,0.7041329741477966,0.3859682083129883,0.42005616426467896,comparisons/scene_024_front.png,overlays/scene_024_front.png
24,d44dd618a0435337,2021.06.14.16.32.09_veh-35,straight,1,back,1.613534688949585,7.114668369293213,10.675293922424316,0.6881120800971985,0.4423459470272064,0.36287248134613037,comparisons/scene_024_back.png,overlays/scene_024_back.png
24,d44dd618a0435337,2021.06.14.16.32.09_veh-35,straight,2,left,2.2314655780792236,11.695870399475098,10.49185848236084,0.5872018337249756,0.4211164116859436,0.29571235179901123,comparisons/scene_024_left.png,overlays/scene_024_left.png
24,d44dd618a0435337,2021.06.14.16.32.09_veh-35,straight,3,right,2.128293991088867,14.329754829406738,19.400171279907227,0.5265206098556519,0.3350940942764282,0.29088085889816284,comparisons/scene_024_right.png,overlays/scene_024_right.png
25,ab878f89d3235f46,2021.06.14.16.32.09_veh-35,right_turn,0,front,1.78226637840271,6.586951732635498,12.351713180541992,0.746110737323761,0.45043879747390747,0.38495609164237976,comparisons/scene_025_front.png,overlays/scene_025_front.png
25,ab878f89d3235f46,2021.06.14.16.32.09_veh-35,right_turn,1,back,1.781893014907837,5.636907577514648,12.596139907836914,0.6871455907821655,0.41614392399787903,0.35319292545318604,comparisons/scene_025_back.png,overlays/scene_025_back.png
25,ab878f89d3235f46,2021.06.14.16.32.09_veh-35,right_turn,2,left,2.4658641815185547,11.676004409790039,13.686502456665039,0.7745265364646912,0.5299707055091858,0.36683425307273865,comparisons/scene_025_left.png,overlays/scene_025_left.png
25,ab878f89d3235f46,2021.06.14.16.32.09_veh-35,right_turn,3,right,2.3024415969848633,6.008847236633301,20.469324111938477,0.7009695768356323,0.592302143573761,0.2344776839017868,comparisons/scene_025_right.png,overlays/scene_025_right.png
26,256844f1f2c05f59,2021.06.14.16.32.09_veh-35,left_turn,0,front,1.9179096221923828,9.513813018798828,15.661552429199219,0.8645243644714355,0.677794337272644,0.2901705503463745,comparisons/scene_026_front.png,overlays/scene_026_front.png
26,256844f1f2c05f59,2021.06.14.16.32.09_veh-35,left_turn,1,back,2.3204312324523926,16.144947052001953,16.113704681396484,0.538287341594696,0.5035275220870972,0.23862910270690918,comparisons/scene_026_back.png,overlays/scene_026_back.png
26,256844f1f2c05f59,2021.06.14.16.32.09_veh-35,left_turn,2,left,2.4343953132629395,8.477705955505371,12.011687278747559,0.674275279045105,0.6169337034225464,0.2369575798511505,comparisons/scene_026_left.png,overlays/scene_026_left.png
26,256844f1f2c05f59,2021.06.14.16.32.09_veh-35,left_turn,3,right,1.8251442909240723,12.046551704406738,14.922059059143066,0.8108330965042114,0.7981666922569275,0.10930126160383224,comparisons/scene_026_right.png,overlays/scene_026_right.png
27,2b2c80d7c63e5ea4,2021.06.14.16.32.09_veh-35,straight,0,front,1.4531298875808716,4.689748764038086,9.466495513916016,0.677814781665802,0.5660920739173889,0.23591375350952148,comparisons/scene_027_front.png,overlays/scene_027_front.png
27,2b2c80d7c63e5ea4,2021.06.14.16.32.09_veh-35,straight,1,back,2.072906494140625,14.52566146850586,10.781623840332031,0.6747599840164185,0.6823073029518127,0.20185840129852295,comparisons/scene_027_back.png,overlays/scene_027_back.png
27,2b2c80d7c63e5ea4,2021.06.14.16.32.09_veh-35,straight,2,left,1.7686735391616821,6.997866153717041,10.393012046813965,0.681765079498291,0.4511934518814087,0.2967182993888855,comparisons/scene_027_left.png,overlays/scene_027_left.png
27,2b2c80d7c63e5ea4,2021.06.14.16.32.09_veh-35,straight,3,right,1.9631215333938599,9.209547996520996,12.195228576660156,0.5544209480285645,0.47010260820388794,0.2301308512687683,comparisons/scene_027_right.png,overlays/scene_027_right.png
28,20c5f1c678e7548a,2021.06.14.18.42.45_veh-12,straight,0,front,2.1643662452697754,6.5971360206604,10.772429466247559,0.6818802356719971,0.4810265302658081,0.3365527391433716,comparisons/scene_028_front.png,overlays/scene_028_front.png
28,20c5f1c678e7548a,2021.06.14.18.42.45_veh-12,straight,1,back,2.1640658378601074,10.648737907409668,12.303083419799805,0.5848413109779358,0.31428712606430054,0.42525386810302734,comparisons/scene_028_back.png,overlays/scene_028_back.png
28,20c5f1c678e7548a,2021.06.14.18.42.45_veh-12,straight,2,left,2.821070671081543,11.217327117919922,13.48857307434082,0.6583943367004395,0.41400453448295593,0.45428377389907837,comparisons/scene_028_left.png,overlays/scene_028_left.png
28,20c5f1c678e7548a,2021.06.14.18.42.45_veh-12,straight,3,right,2.499485492706299,11.385210037231445,12.738469123840332,0.5405566692352295,0.6176025867462158,0.22273218631744385,comparisons/scene_028_right.png,overlays/scene_028_right.png
29,074d146bab0b5702,2021.06.14.18.42.45_veh-12,left_turn,0,front,1.7233338356018066,5.480382919311523,9.590579986572266,0.7534836530685425,0.5630109906196594,0.3543492257595062,comparisons/scene_029_front.png,overlays/scene_029_front.png
29,074d146bab0b5702,2021.06.14.18.42.45_veh-12,left_turn,1,back,2.146402359008789,10.302340507507324,13.538227081298828,0.7475652098655701,0.4812670946121216,0.3644382655620575,comparisons/scene_029_back.png,overlays/scene_029_back.png
29,074d146bab0b5702,2021.06.14.18.42.45_veh-12,left_turn,2,left,1.9861805438995361,9.343084335327148,7.753973960876465,0.6447651386260986,0.4003668427467346,0.35550111532211304,comparisons/scene_029_left.png,overlays/scene_029_left.png
29,074d146bab0b5702,2021.06.14.18.42.45_veh-12,left_turn,3,right,2.9582390785217285,8.96958065032959,16.13516616821289,0.5764470100402832,0.30057233572006226,0.3216404318809509,comparisons/scene_029_right.png,overlays/scene_029_right.png
30,0688df41ff5d5c4c,2021.06.14.18.42.45_veh-12,straight,0,front,1.8909602165222168,7.0305352210998535,9.648494720458984,0.7420964241027832,0.5747550129890442,0.36414027214050293,comparisons/scene_030_front.png,overlays/scene_030_front.png
30,0688df41ff5d5c4c,2021.06.14.18.42.45_veh-12,straight,1,back,2.3127546310424805,11.726131439208984,14.532966613769531,0.6730791330337524,0.5603975653648376,0.2718852162361145,comparisons/scene_030_back.png,overlays/scene_030_back.png
30,0688df41ff5d5c4c,2021.06.14.18.42.45_veh-12,straight,2,left,2.3295464515686035,8.025768280029297,14.06718921661377,0.6392951607704163,0.5354228019714355,0.27123910188674927,comparisons/scene_030_left.png,overlays/scene_030_left.png
30,0688df41ff5d5c4c,2021.06.14.18.42.45_veh-12,straight,3,right,2.1044249534606934,11.501558303833008,16.68944549560547,0.7772126197814941,0.7542686462402344,0.17144525051116943,comparisons/scene_030_right.png,overlays/scene_030_right.png
31,889fd6e7cae75990,2021.06.14.18.42.45_veh-12,right_turn,0,front,2.060988187789917,12.949980735778809,18.331151962280273,0.6011927127838135,0.5050328373908997,0.16109023988246918,comparisons/scene_031_front.png,overlays/scene_031_front.png
31,889fd6e7cae75990,2021.06.14.18.42.45_veh-12,right_turn,1,back,2.1717464923858643,12.00329303741455,11.406673431396484,0.6916725635528564,0.3837932348251343,0.39491593837738037,comparisons/scene_031_back.png,overlays/scene_031_back.png
31,889fd6e7cae75990,2021.06.14.18.42.45_veh-12,right_turn,2,left,2.402156352996826,8.586488723754883,14.716087341308594,0.6127892732620239,0.5719140768051147,0.2039213478565216,comparisons/scene_031_left.png,overlays/scene_031_left.png
31,889fd6e7cae75990,2021.06.14.18.42.45_veh-12,right_turn,3,right,1.9597208499908447,7.370251655578613,12.553672790527344,0.6864084005355835,0.5893144607543945,0.1876026839017868,comparisons/scene_031_right.png,overlays/scene_031_right.png
32,6c08df07d2e35e8d,2021.06.23.14.58.13_veh-35,right_turn,0,front,2.8876776695251465,10.739446640014648,15.741888999938965,0.5627536773681641,0.44011133909225464,0.28615105152130127,comparisons/scene_032_front.png,overlays/scene_032_front.png
32,6c08df07d2e35e8d,2021.06.23.14.58.13_veh-35,right_turn,1,back,2.4961016178131104,9.908670425415039,15.337199211120605,0.511357307434082,0.41193947196006775,0.28412914276123047,comparisons/scene_032_back.png,overlays/scene_032_back.png
32,6c08df07d2e35e8d,2021.06.23.14.58.13_veh-35,right_turn,2,left,2.4736509323120117,6.9457926750183105,15.61561393737793,0.6728116273880005,0.4087653160095215,0.3136047124862671,comparisons/scene_032_left.png,overlays/scene_032_left.png
32,6c08df07d2e35e8d,2021.06.23.14.58.13_veh-35,right_turn,3,right,2.313432455062866,9.286998748779297,17.324031829833984,0.6981987953186035,0.581852376461029,0.23403051495552063,comparisons/scene_032_right.png,overlays/scene_032_right.png
33,31d565f74269592e,2021.06.23.14.58.13_veh-35,left_turn,0,front,1.7906174659729004,5.209200382232666,12.315101623535156,0.7426744699478149,0.42111554741859436,0.38683921098709106,comparisons/scene_033_front.png,overlays/scene_033_front.png
33,31d565f74269592e,2021.06.23.14.58.13_veh-35,left_turn,1,back,2.0493035316467285,9.668232917785645,15.659650802612305,0.6950955390930176,0.5432392358779907,0.3825564384460449,comparisons/scene_033_back.png,overlays/scene_033_back.png
33,31d565f74269592e,2021.06.23.14.58.13_veh-35,left_turn,2,left,2.912689208984375,17.15036964416504,16.49578094482422,0.5928640365600586,0.5125656723976135,0.25167012214660645,comparisons/scene_033_left.png,overlays/scene_033_left.png
33,31d565f74269592e,2021.06.23.14.58.13_veh-35,left_turn,3,right,2.276977062225342,10.873042106628418,13.066574096679688,0.7613142728805542,0.5803797245025635,0.27937155961990356,comparisons/scene_033_right.png,overlays/scene_033_right.png
34,d2b4594cfb045819,2021.06.23.14.58.13_veh-35,straight,0,front,2.7103068828582764,9.116803169250488,19.255146026611328,0.5994921326637268,0.34515467286109924,0.36076176166534424,comparisons/scene_034_front.png,overlays/scene_034_front.png
34,d2b4594cfb045819,2021.06.23.14.58.13_veh-35,straight,1,back,2.8217933177948,9.147416114807129,20.744731903076172,0.5801770687103271,0.40859657526016235,0.26064765453338623,comparisons/scene_034_back.png,overlays/scene_034_back.png
34,d2b4594cfb045819,2021.06.23.14.58.13_veh-35,straight,2,left,2.6231889724731445,8.962485313415527,17.957517623901367,0.4539286196231842,0.37388473749160767,0.1936131864786148,comparisons/scene_034_left.png,overlays/scene_034_left.png
34,d2b4594cfb045819,2021.06.23.14.58.13_veh-35,straight,3,right,2.1831507682800293,7.535741806030273,13.799161911010742,0.6782763004302979,0.6223850250244141,0.18706779181957245,comparisons/scene_034_right.png,overlays/scene_034_right.png
35,99a10bd9109b54b2,2021.06.23.14.58.13_veh-35,straight,0,front,2.4147815704345703,6.125210762023926,15.054083824157715,0.523637056350708,0.42708876729011536,0.296162486076355,comparisons/scene_035_front.png,overlays/scene_035_front.png
35,99a10bd9109b54b2,2021.06.23.14.58.13_veh-35,straight,1,back,2.936579704284668,11.744407653808594,22.516677856445312,0.6233266592025757,0.3996821641921997,0.3596002161502838,comparisons/scene_035_back.png,overlays/scene_035_back.png
35,99a10bd9109b54b2,2021.06.23.14.58.13_veh-35,straight,2,left,2.1829934120178223,11.541006088256836,12.400310516357422,0.6841270923614502,0.5278031826019287,0.30112773180007935,comparisons/scene_035_left.png,overlays/scene_035_left.png
35,99a10bd9109b54b2,2021.06.23.14.58.13_veh-35,straight,3,right,2.411437511444092,6.213680267333984,17.59275245666504,0.5454760193824768,0.6028125882148743,0.2549840211868286,comparisons/scene_035_right.png,overlays/scene_035_right.png
36,a2c0200ec66a5f3c,2021.06.23.18.23.38_veh-26,straight,0,front,1.8787463903427124,8.972410202026367,11.354633331298828,0.8104421496391296,0.5922900438308716,0.3062552809715271,comparisons/scene_036_front.png,overlays/scene_036_front.png
36,a2c0200ec66a5f3c,2021.06.23.18.23.38_veh-26,straight,1,back,2.5776610374450684,8.785794258117676,15.781494140625,0.5335359573364258,0.54339599609375,0.2348833829164505,comparisons/scene_036_back.png,overlays/scene_036_back.png
36,a2c0200ec66a5f3c,2021.06.23.18.23.38_veh-26,straight,2,left,1.9222270250320435,5.899477481842041,12.401267051696777,0.6743810176849365,0.5025266408920288,0.21937882900238037,comparisons/scene_036_left.png,overlays/scene_036_left.png
36,a2c0200ec66a5f3c,2021.06.23.18.23.38_veh-26,straight,3,right,2.1483545303344727,6.581870079040527,12.741348266601562,0.6824442744255066,0.6880823969841003,0.22165414690971375,comparisons/scene_036_right.png,overlays/scene_036_right.png
37,5912e3f187af51d6,2021.06.23.18.23.38_veh-26,straight,0,front,2.2796976566314697,6.964562892913818,16.069839477539062,0.5617470741271973,0.4987470805644989,0.19267544150352478,comparisons/scene_037_front.png,overlays/scene_037_front.png
37,5912e3f187af51d6,2021.06.23.18.23.38_veh-26,straight,1,back,2.1253175735473633,7.369765281677246,12.44512939453125,0.711194634437561,0.6700363159179688,0.25848859548568726,comparisons/scene_037_back.png,overlays/scene_037_back.png
37,5912e3f187af51d6,2021.06.23.18.23.38_veh-26,straight,2,left,2.4166574478149414,9.461390495300293,13.21997356414795,0.6271289587020874,0.5122013092041016,0.24223767220973969,comparisons/scene_037_left.png,overlays/scene_037_left.png
37,5912e3f187af51d6,2021.06.23.18.23.38_veh-26,straight,3,right,2.0718541145324707,10.947641372680664,14.036073684692383,0.8088529109954834,0.7543729543685913,0.10913819819688797,comparisons/scene_037_right.png,overlays/scene_037_right.png
38,b92f49ef1c155d86,2021.06.23.18.23.38_veh-26,left_turn,0,front,1.590643048286438,5.555874824523926,13.925952911376953,0.676145076751709,0.4928649067878723,0.4016410708427429,comparisons/scene_038_front.png,overlays/scene_038_front.png
38,b92f49ef1c155d86,2021.06.23.18.23.38_veh-26,left_turn,1,back,2.9042410850524902,9.65001392364502,20.63446044921875,0.3932070732116699,0.30416518449783325,0.28390324115753174,comparisons/scene_038_back.png,overlays/scene_038_back.png
38,b92f49ef1c155d86,2021.06.23.18.23.38_veh-26,left_turn,2,left,2.338515043258667,8.920032501220703,15.318902969360352,0.6964113116264343,0.625330924987793,0.24861958622932434,comparisons/scene_038_left.png,overlays/scene_038_left.png
38,b92f49ef1c155d86,2021.06.23.18.23.38_veh-26,left_turn,3,right,2.444634437561035,9.257674217224121,14.282485961914062,0.6152825355529785,0.42105233669281006,0.3187461793422699,comparisons/scene_038_right.png,overlays/scene_038_right.png
39,d4ecfa74d8bb5d1e,2021.06.23.18.23.38_veh-26,right_turn,0,front,2.745473861694336,9.227494239807129,16.503007888793945,0.5391248464584351,0.4833025336265564,0.22907620668411255,comparisons/scene_039_front.png,overlays/scene_039_front.png
39,d4ecfa74d8bb5d1e,2021.06.23.18.23.38_veh-26,right_turn,1,back,2.5310068130493164,16.2978458404541,10.858991622924805,0.6057671308517456,0.5626413226127625,0.20230761170387268,comparisons/scene_039_back.png,overlays/scene_039_back.png
39,d4ecfa74d8bb5d1e,2021.06.23.18.23.38_veh-26,right_turn,2,left,2.555619239807129,7.891184329986572,14.350685119628906,0.551141619682312,0.43901950120925903,0.20606186985969543,comparisons/scene_039_left.png,overlays/scene_039_left.png
39,d4ecfa74d8bb5d1e,2021.06.23.18.23.38_veh-26,right_turn,3,right,2.528841972351074,8.22213363647461,18.237834930419922,0.5388524532318115,0.4672434329986572,0.24669590592384338,comparisons/scene_039_right.png,overlays/scene_039_right.png
40,fc01494fa43653b8,2021.07.09.01.37.16_veh-26,right_turn,0,front,2.54533052444458,10.360472679138184,17.23526382446289,0.6379312872886658,0.4352789521217346,0.2660173177719116,comparisons/scene_040_front.png,overlays/scene_040_front.png
40,fc01494fa43653b8,2021.07.09.01.37.16_veh-26,right_turn,1,back,2.818570613861084,11.799639701843262,12.362137794494629,0.5002371072769165,0.19391599297523499,0.45011934638023376,comparisons/scene_040_back.png,overlays/scene_040_back.png
40,fc01494fa43653b8,2021.07.09.01.37.16_veh-26,right_turn,2,left,3.0686874389648438,15.16860294342041,16.406156539916992,0.5205256938934326,0.38394612073898315,0.3146352767944336,comparisons/scene_040_left.png,overlays/scene_040_left.png
40,fc01494fa43653b8,2021.07.09.01.37.16_veh-26,right_turn,3,right,2.495593547821045,10.4447603225708,18.084779739379883,0.751022219657898,0.781508207321167,0.21942868828773499,comparisons/scene_040_right.png,overlays/scene_040_right.png
41,c3ba85bd489a5e47,2021.07.09.01.37.16_veh-26,straight,0,front,2.853410482406616,8.081124305725098,13.137552261352539,0.5031704902648926,0.48069196939468384,0.34499824047088623,comparisons/scene_041_front.png,overlays/scene_041_front.png
41,c3ba85bd489a5e47,2021.07.09.01.37.16_veh-26,straight,1,back,2.602142810821533,6.915156841278076,12.717408180236816,0.6976104974746704,0.37713512778282166,0.45015931129455566,comparisons/scene_041_back.png,overlays/scene_041_back.png
41,c3ba85bd489a5e47,2021.07.09.01.37.16_veh-26,straight,2,left,2.6992063522338867,6.0465288162231445,14.584413528442383,0.42607206106185913,0.29954367876052856,0.2810250222682953,comparisons/scene_041_left.png,overlays/scene_041_left.png
41,c3ba85bd489a5e47,2021.07.09.01.37.16_veh-26,straight,3,right,2.0747926235198975,4.940727233886719,13.317649841308594,0.6098489761352539,0.5338551998138428,0.2617069482803345,comparisons/scene_041_right.png,overlays/scene_041_right.png
42,d8ba4e0d67e7535f,2021.07.09.01.37.16_veh-26,straight,0,front,1.951182246208191,8.899216651916504,11.832170486450195,0.7059931755065918,0.31652799248695374,0.4473169445991516,comparisons/scene_042_front.png,overlays/scene_042_front.png
42,d8ba4e0d67e7535f,2021.07.09.01.37.16_veh-26,straight,1,back,2.822007656097412,9.500489234924316,16.679889678955078,0.5730721950531006,0.2666923999786377,0.42225462198257446,comparisons/scene_042_back.png,overlays/scene_042_back.png
42,d8ba4e0d67e7535f,2021.07.09.01.37.16_veh-26,straight,2,left,2.248718738555908,7.539908409118652,10.547599792480469,0.6921960711479187,0.30732935667037964,0.43962985277175903,comparisons/scene_042_left.png,overlays/scene_042_left.png
42,d8ba4e0d67e7535f,2021.07.09.01.37.16_veh-26,straight,3,right,2.209092617034912,6.578699588775635,13.605657577514648,0.6648526191711426,0.41440096497535706,0.344530314207077,comparisons/scene_042_right.png,overlays/scene_042_right.png
43,0c1721a6aed35c4c,2021.07.09.01.37.16_veh-26,left_turn,0,front,2.447733163833618,10.132255554199219,14.40683650970459,0.7284466028213501,0.30475664138793945,0.5095237493515015,comparisons/scene_043_front.png,overlays/scene_043_front.png
43,0c1721a6aed35c4c,2021.07.09.01.37.16_veh-26,left_turn,1,back,3.452589273452759,12.931122779846191,15.544357299804688,0.5066850185394287,0.25432103872299194,0.40510421991348267,comparisons/scene_043_back.png,overlays/scene_043_back.png
43,0c1721a6aed35c4c,2021.07.09.01.37.16_veh-26,left_turn,2,left,2.3636248111724854,9.825077056884766,12.621193885803223,0.7470443248748779,0.4880433976650238,0.35887324810028076,comparisons/scene_043_left.png,overlays/scene_043_left.png
43,0c1721a6aed35c4c,2021.07.09.01.37.16_veh-26,left_turn,3,right,2.6860861778259277,16.076704025268555,11.67831039428711,0.6812536716461182,0.31935474276542664,0.4362500309944153,comparisons/scene_043_right.png,overlays/scene_043_right.png
44,2c69b238ae3a55b9,2021.07.16.16.01.30_veh-38,left_turn,0,front,1.676412582397461,7.421743392944336,11.312552452087402,0.7135264277458191,0.5833912491798401,0.16530537605285645,comparisons/scene_044_front.png,overlays/scene_044_front.png
44,2c69b238ae3a55b9,2021.07.16.16.01.30_veh-38,left_turn,1,back,2.387091875076294,8.517634391784668,16.413227081298828,0.6364040374755859,0.5043162703514099,0.23799288272857666,comparisons/scene_044_back.png,overlays/scene_044_back.png
44,2c69b238ae3a55b9,2021.07.16.16.01.30_veh-38,left_turn,2,left,2.1528892517089844,6.306098461151123,12.803705215454102,0.6741855144500732,0.5033011436462402,0.24523136019706726,comparisons/scene_044_left.png,overlays/scene_044_left.png
44,2c69b238ae3a55b9,2021.07.16.16.01.30_veh-38,left_turn,3,right,2.293715715408325,11.115589141845703,15.854787826538086,0.6857175230979919,0.5823004245758057,0.252322256565094,comparisons/scene_044_right.png,overlays/scene_044_right.png
45,771fc00de1b15ba2,2021.07.16.16.01.30_veh-38,straight,0,front,2.442138195037842,11.24311351776123,11.296285629272461,0.629935622215271,0.5669667720794678,0.21622096002101898,comparisons/scene_045_front.png,overlays/scene_045_front.png
45,771fc00de1b15ba2,2021.07.16.16.01.30_veh-38,straight,1,back,2.0366153717041016,7.443401336669922,10.771982192993164,0.6216211318969727,0.2789384126663208,0.37461578845977783,comparisons/scene_045_back.png,overlays/scene_045_back.png
45,771fc00de1b15ba2,2021.07.16.16.01.30_veh-38,straight,2,left,2.706218719482422,8.051950454711914,14.902915000915527,0.5259886384010315,0.35959357023239136,0.27781522274017334,comparisons/scene_045_left.png,overlays/scene_045_left.png
45,771fc00de1b15ba2,2021.07.16.16.01.30_veh-38,straight,3,right,2.375941276550293,17.260217666625977,12.579546928405762,0.7559602856636047,0.5964906811714172,0.3147725760936737,comparisons/scene_045_right.png,overlays/scene_045_right.png
46,beb6d0834ae251d2,2021.07.16.16.01.30_veh-38,right_turn,0,front,2.4573044776916504,10.173300743103027,11.637346267700195,0.6940109729766846,0.33536845445632935,0.37609046697616577,comparisons/scene_046_front.png,overlays/scene_046_front.png
46,beb6d0834ae251d2,2021.07.16.16.01.30_veh-38,right_turn,1,back,1.902517557144165,7.553347587585449,13.475198745727539,0.6482173204421997,0.3778182864189148,0.2983609139919281,comparisons/scene_046_back.png,overlays/scene_046_back.png
46,beb6d0834ae251d2,2021.07.16.16.01.30_veh-38,right_turn,2,left,2.0339949131011963,9.685439109802246,11.340898513793945,0.6939112544059753,0.4375867545604706,0.3499554991722107,comparisons/scene_046_left.png,overlays/scene_046_left.png
46,beb6d0834ae251d2,2021.07.16.16.01.30_veh-38,right_turn,3,right,2.311645269393921,12.749205589294434,16.7772216796875,0.6002854704856873,0.5031886696815491,0.3025505244731903,comparisons/scene_046_right.png,overlays/scene_046_right.png
47,c27a4cdf2a3d5fc1,2021.07.16.16.01.30_veh-38,straight,0,front,2.047351121902466,12.05352783203125,12.254575729370117,0.8379225134849548,0.5174519419670105,0.41580647230148315,comparisons/scene_047_front.png,overlays/scene_047_front.png
47,c27a4cdf2a3d5fc1,2021.07.16.16.01.30_veh-38,straight,1,back,1.70020592212677,9.676652908325195,9.67387580871582,0.6977145671844482,0.42246055603027344,0.4044151306152344,comparisons/scene_047_back.png,overlays/scene_047_back.png
47,c27a4cdf2a3d5fc1,2021.07.16.16.01.30_veh-38,straight,2,left,2.379133701324463,11.074164390563965,13.50017261505127,0.612257182598114,0.6396845579147339,0.2289631962776184,comparisons/scene_047_left.png,overlays/scene_047_left.png
47,c27a4cdf2a3d5fc1,2021.07.16.16.01.30_veh-38,straight,3,right,2.4725990295410156,10.223691940307617,15.424263000488281,0.70041424036026,0.5659959316253662,0.24500533938407898,comparisons/scene_047_right.png,overlays/scene_047_right.png
48,706395b464525f9d,2021.07.16.16.27.22_veh-26,right_turn,0,front,2.953993320465088,11.163721084594727,11.08827018737793,0.4811750650405884,0.2582559883594513,0.345251202583313,comparisons/scene_048_front.png,overlays/scene_048_front.png
48,706395b464525f9d,2021.07.16.16.27.22_veh-26,right_turn,1,back,2.45692777633667,9.231553077697754,15.373514175415039,0.5756382942199707,0.37626487016677856,0.32275670766830444,comparisons/scene_048_back.png,overlays/scene_048_back.png
48,706395b464525f9d,2021.07.16.16.27.22_veh-26,right_turn,2,left,2.846240520477295,15.079632759094238,13.463157653808594,0.4451090097427368,0.27432358264923096,0.2911110520362854,comparisons/scene_048_left.png,overlays/scene_048_left.png
48,706395b464525f9d,2021.07.16.16.27.22_veh-26,right_turn,3,right,3.2276628017425537,18.8713436126709,13.406997680664062,0.6243125796318054,0.5125495195388794,0.2375384271144867,comparisons/scene_048_right.png,overlays/scene_048_right.png
49,6244a789f919560d,2021.07.16.16.27.22_veh-26,left_turn,0,front,2.010037422180176,7.222048759460449,11.977489471435547,0.8086755275726318,0.49571937322616577,0.3907325267791748,comparisons/scene_049_front.png,overlays/scene_049_front.png
49,6244a789f919560d,2021.07.16.16.27.22_veh-26,left_turn,1,back,1.9516041278839111,10.186532974243164,10.702348709106445,0.7109057307243347,0.5094512104988098,0.36653438210487366,comparisons/scene_049_back.png,overlays/scene_049_back.png
49,6244a789f919560d,2021.07.16.16.27.22_veh-26,left_turn,2,left,2.662416458129883,13.42727279663086,17.832683563232422,0.6456382870674133,0.6035805940628052,0.19390547275543213,comparisons/scene_049_left.png,overlays/scene_049_left.png
49,6244a789f919560d,2021.07.16.16.27.22_veh-26,left_turn,3,right,1.7490909099578857,9.56911563873291,13.601404190063477,0.7560180425643921,0.4768235385417938,0.40248697996139526,comparisons/scene_049_right.png,overlays/scene_049_right.png
50,fcd2e3163a3f58e3,2021.07.16.16.27.22_veh-26,straight,0,front,2.46182918548584,10.126072883605957,14.630516052246094,0.43764597177505493,0.3920033574104309,0.18831205368041992,comparisons/scene_050_front.png,overlays/scene_050_front.png
50,fcd2e3163a3f58e3,2021.07.16.16.27.22_veh-26,straight,1,back,2.2541868686676025,13.087540626525879,9.872270584106445,0.6732746362686157,0.4717053771018982,0.32675519585609436,comparisons/scene_050_back.png,overlays/scene_050_back.png
50,fcd2e3163a3f58e3,2021.07.16.16.27.22_veh-26,straight,2,left,2.8006601333618164,6.429019927978516,14.996330261230469,0.6593645215034485,0.49344390630722046,0.2761194705963135,comparisons/scene_050_left.png,overlays/scene_050_left.png
50,fcd2e3163a3f58e3,2021.07.16.16.27.22_veh-26,straight,3,right,2.77225399017334,10.450675010681152,11.11039924621582,0.5243900418281555,0.43450719118118286,0.25178468227386475,comparisons/scene_050_right.png,overlays/scene_050_right.png
51,8f78b12b998a554e,2021.07.16.16.27.22_veh-26,straight,0,front,2.6622066497802734,8.326177597045898,15.145384788513184,0.6204615831375122,0.42696452140808105,0.29525911808013916,comparisons/scene_051_front.png,overlays/scene_051_front.png
51,8f78b12b998a554e,2021.07.16.16.27.22_veh-26,straight,1,back,2.0198097229003906,11.285979270935059,8.359395027160645,0.663884699344635,0.40021875500679016,0.370235800743103,comparisons/scene_051_back.png,overlays/scene_051_back.png
51,8f78b12b998a554e,2021.07.16.16.27.22_veh-26,straight,2,left,2.399502992630005,7.4949049949646,15.06647777557373,0.736466646194458,0.506125807762146,0.3529582917690277,comparisons/scene_051_left.png,overlays/scene_051_left.png
51,8f78b12b998a554e,2021.07.16.16.27.22_veh-26,straight,3,right,1.9863626956939697,5.864724159240723,12.064300537109375,0.6468060612678528,0.4558563828468323,0.24522662162780762,comparisons/scene_051_right.png,overlays/scene_051_right.png
52,990d9ca7dba559fa,2021.07.16.18.06.21_veh-38,straight,0,front,1.6750483512878418,9.38553237915039,9.439577102661133,0.7181326150894165,0.43971964716911316,0.41852909326553345,comparisons/scene_052_front.png,overlays/scene_052_front.png
52,990d9ca7dba559fa,2021.07.16.18.06.21_veh-38,straight,1,back,2.4462404251098633,9.691777229309082,14.539810180664062,0.6426005363464355,0.44903916120529175,0.2893182635307312,comparisons/scene_052_back.png,overlays/scene_052_back.png
52,990d9ca7dba559fa,2021.07.16.18.06.21_veh-38,straight,2,left,2.826969623565674,10.625395774841309,14.210886001586914,0.5839086174964905,0.50425124168396,0.26113030314445496,comparisons/scene_052_left.png,overlays/scene_052_left.png
52,990d9ca7dba559fa,2021.07.16.18.06.21_veh-38,straight,3,right,1.6140990257263184,4.24785041809082,14.94058609008789,0.7906831502914429,0.4456883668899536,0.3959805369377136,comparisons/scene_052_right.png,overlays/scene_052_right.png
53,141e47eee4155a71,2021.07.16.18.06.21_veh-38,straight,0,front,1.999418020248413,5.712878704071045,9.731855392456055,0.6727082133293152,0.45773905515670776,0.35127007961273193,comparisons/scene_053_front.png,overlays/scene_053_front.png
53,141e47eee4155a71,2021.07.16.18.06.21_veh-38,straight,1,back,1.4411933422088623,6.922736644744873,9.747178077697754,0.7778640389442444,0.4085896611213684,0.4813953638076782,comparisons/scene_053_back.png,overlays/scene_053_back.png
53,141e47eee4155a71,2021.07.16.18.06.21_veh-38,straight,2,left,2.5806703567504883,13.076889991760254,11.184523582458496,0.7070032954216003,0.3992455303668976,0.4353688061237335,comparisons/scene_053_left.png,overlays/scene_053_left.png
53,141e47eee4155a71,2021.07.16.18.06.21_veh-38,straight,3,right,1.8951255083084106,12.588945388793945,14.021099090576172,0.7489935159683228,0.6882725954055786,0.260663241147995,comparisons/scene_053_right.png,overlays/scene_053_right.png
54,cbebebfc9f545bbb,2021.07.16.18.06.21_veh-38,left_turn,0,front,2.031467914581299,7.236392021179199,14.481816291809082,0.7244547605514526,0.33135417103767395,0.4759926497936249,comparisons/scene_054_front.png,overlays/scene_054_front.png
54,cbebebfc9f545bbb,2021.07.16.18.06.21_veh-38,left_turn,1,back,1.926727533340454,5.622570037841797,12.830215454101562,0.7670351266860962,0.5251548290252686,0.3800789713859558,comparisons/scene_054_back.png,overlays/scene_054_back.png
54,cbebebfc9f545bbb,2021.07.16.18.06.21_veh-38,left_turn,2,left,2.065709352493286,11.096604347229004,12.671236038208008,0.7283068299293518,0.4649638533592224,0.36447763442993164,comparisons/scene_054_left.png,overlays/scene_054_left.png
54,cbebebfc9f545bbb,2021.07.16.18.06.21_veh-38,left_turn,3,right,1.975245475769043,7.98536491394043,16.046445846557617,0.6985456943511963,0.3861874043941498,0.4376896023750305,comparisons/scene_054_right.png,overlays/scene_054_right.png
55,90a79351977a5f32,2021.07.16.18.06.21_veh-38,right_turn,0,front,1.9253509044647217,11.378652572631836,9.186963081359863,0.8149478435516357,0.534099817276001,0.39700186252593994,comparisons/scene_055_front.png,overlays/scene_055_front.png
55,90a79351977a5f32,2021.07.16.18.06.21_veh-38,right_turn,1,back,1.948059320449829,6.9665374755859375,12.834306716918945,0.6803807020187378,0.5821168422698975,0.25471603870391846,comparisons/scene_055_back.png,overlays/scene_055_back.png
55,90a79351977a5f32,2021.07.16.18.06.21_veh-38,right_turn,2,left,1.4628791809082031,5.8037543296813965,10.478288650512695,0.838719367980957,0.4829358756542206,0.4208526611328125,comparisons/scene_055_left.png,overlays/scene_055_left.png
55,90a79351977a5f32,2021.07.16.18.06.21_veh-38,right_turn,3,right,2.739637851715088,9.999134063720703,16.59783935546875,0.5856356620788574,0.4920281171798706,0.34078672528266907,comparisons/scene_055_right.png,overlays/scene_055_right.png
56,8d709e8b74095ad8,2021.07.16.20.45.29_veh-35,left_turn,0,front,2.077108383178711,5.437135219573975,13.348628044128418,0.5751339197158813,0.40757572650909424,0.2928590178489685,comparisons/scene_056_front.png,overlays/scene_056_front.png
56,8d709e8b74095ad8,2021.07.16.20.45.29_veh-35,left_turn,1,back,1.8320341110229492,9.17158031463623,8.723383903503418,0.8154728412628174,0.5528922080993652,0.3244319558143616,comparisons/scene_056_back.png,overlays/scene_056_back.png
56,8d709e8b74095ad8,2021.07.16.20.45.29_veh-35,left_turn,2,left,3.450617790222168,11.451285362243652,15.126849174499512,0.5932281613349915,0.2074563056230545,0.45978665351867676,comparisons/scene_056_left.png,overlays/scene_056_left.png
56,8d709e8b74095ad8,2021.07.16.20.45.29_veh-35,left_turn,3,right,2.8109583854675293,14.32197380065918,13.862876892089844,0.5684017539024353,0.5566593408584595,0.25108271837234497,comparisons/scene_056_right.png,overlays/scene_056_right.png
57,06ac0b6449e75fde,2021.07.16.20.45.29_veh-35,left_turn,0,front,1.878074288368225,7.157228946685791,10.046365737915039,0.6065925359725952,0.35558974742889404,0.34176719188690186,comparisons/scene_057_front.png,overlays/scene_057_front.png
57,06ac0b6449e75fde,2021.07.16.20.45.29_veh-35,left_turn,1,back,3.2293202877044678,9.080238342285156,22.565927505493164,0.5129735469818115,0.45976322889328003,0.249522402882576,comparisons/scene_057_back.png,overlays/scene_057_back.png
57,06ac0b6449e75fde,2021.07.16.20.45.29_veh-35,left_turn,2,left,2.609269380569458,10.148578643798828,12.12132453918457,0.6051188707351685,0.45302873849868774,0.27327626943588257,comparisons/scene_057_left.png,overlays/scene_057_left.png
57,06ac0b6449e75fde,2021.07.16.20.45.29_veh-35,left_turn,3,right,2.4131064414978027,9.693563461303711,13.28262710571289,0.51521897315979,0.36663442850112915,0.3234438896179199,comparisons/scene_057_right.png,overlays/scene_057_right.png
58,af7f568aefd558f4,2021.07.16.20.45.29_veh-35,right_turn,0,front,1.563559889793396,8.62934684753418,10.751020431518555,0.8608463406562805,0.5632418394088745,0.36104482412338257,comparisons/scene_058_front.png,overlays/scene_058_front.png
58,af7f568aefd558f4,2021.07.16.20.45.29_veh-35,right_turn,1,back,2.261094331741333,10.40258502960205,15.390691757202148,0.55980384349823,0.525704562664032,0.29885154962539673,comparisons/scene_058_back.png,overlays/scene_058_back.png
58,af7f568aefd558f4,2021.07.16.20.45.29_veh-35,right_turn,2,left,1.4860894680023193,6.337747573852539,11.012439727783203,0.7579835653305054,0.46354514360427856,0.38573306798934937,comparisons/scene_058_left.png,overlays/scene_058_left.png
58,af7f568aefd558f4,2021.07.16.20.45.29_veh-35,right_turn,3,right,1.7608528137207031,7.102154731750488,11.040570259094238,0.7744807600975037,0.6361547708511353,0.23095954954624176,comparisons/scene_058_right.png,overlays/scene_058_right.png
59,823579d31fc85a37,2021.07.16.20.45.29_veh-35,straight,0,front,2.285637855529785,7.785938739776611,9.969202041625977,0.6165486574172974,0.4006803631782532,0.32235509157180786,comparisons/scene_059_front.png,overlays/scene_059_front.png
59,823579d31fc85a37,2021.07.16.20.45.29_veh-35,straight,1,back,1.726447582244873,10.836882591247559,10.245061874389648,0.6832837462425232,0.33836907148361206,0.45637863874435425,comparisons/scene_059_back.png,overlays/scene_059_back.png
59,823579d31fc85a37,2021.07.16.20.45.29_veh-35,straight,2,left,2.4277091026306152,14.856130599975586,16.015167236328125,0.47467416524887085,0.2385115623474121,0.3007439374923706,comparisons/scene_059_left.png,overlays/scene_059_left.png
59,823579d31fc85a37,2021.07.16.20.45.29_veh-35,straight,3,right,1.7849726676940918,5.800525665283203,11.363348007202148,0.6992271542549133,0.580832302570343,0.2625587284564972,comparisons/scene_059_right.png,overlays/scene_059_right.png
60,bf1671708a1c595b,2021.07.24.16.07.03_veh-35,right_turn,0,front,1.9064327478408813,6.509109973907471,14.672752380371094,0.6744129657745361,0.4484923481941223,0.3255164325237274,comparisons/scene_060_front.png,overlays/scene_060_front.png
60,bf1671708a1c595b,2021.07.24.16.07.03_veh-35,right_turn,1,back,2.4733166694641113,7.968725204467773,17.155256271362305,0.5519052743911743,0.33903688192367554,0.2822433412075043,comparisons/scene_060_back.png,overlays/scene_060_back.png
60,bf1671708a1c595b,2021.07.24.16.07.03_veh-35,right_turn,2,left,2.219071865081787,8.078347206115723,14.855772018432617,0.6028029918670654,0.4620071053504944,0.2442646622657776,comparisons/scene_060_left.png,overlays/scene_060_left.png
60,bf1671708a1c595b,2021.07.24.16.07.03_veh-35,right_turn,3,right,2.3412716388702393,18.054508209228516,13.297581672668457,0.6087536811828613,0.463665246963501,0.315497487783432,comparisons/scene_060_right.png,overlays/scene_060_right.png
61,a4ab0cdf700f5f2a,2021.07.24.16.07.03_veh-35,straight,0,front,2.0872700214385986,15.745928764343262,10.130497932434082,0.5711431503295898,0.35459065437316895,0.3836599290370941,comparisons/scene_061_front.png,overlays/scene_061_front.png
61,a4ab0cdf700f5f2a,2021.07.24.16.07.03_veh-35,straight,1,back,2.4627373218536377,14.006267547607422,16.60190200805664,0.5690654516220093,0.4439251124858856,0.29445984959602356,comparisons/scene_061_back.png,overlays/scene_061_back.png
61,a4ab0cdf700f5f2a,2021.07.24.16.07.03_veh-35,straight,2,left,2.2901039123535156,12.706718444824219,12.753031730651855,0.6338329911231995,0.34914469718933105,0.4064115583896637,comparisons/scene_061_left.png,overlays/scene_061_left.png
61,a4ab0cdf700f5f2a,2021.07.24.16.07.03_veh-35,straight,3,right,1.722607970237732,5.739228248596191,11.174670219421387,0.6946929693222046,0.588652491569519,0.26974591612815857,comparisons/scene_061_right.png,overlays/scene_061_right.png
62,d600eaa6cac05083,2021.07.24.16.07.03_veh-35,straight,0,front,2.0882980823516846,10.120308876037598,11.399364471435547,0.6660541296005249,0.4900827407836914,0.3076523244380951,comparisons/scene_062_front.png,overlays/scene_062_front.png
62,d600eaa6cac05083,2021.07.24.16.07.03_veh-35,straight,1,back,2.6518032550811768,6.830343723297119,14.313114166259766,0.5607675909996033,0.2941208481788635,0.34212589263916016,comparisons/scene_062_back.png,overlays/scene_062_back.png
62,d600eaa6cac05083,2021.07.24.16.07.03_veh-35,straight,2,left,2.129117012023926,10.040411949157715,11.671857833862305,0.594620943069458,0.3869894742965698,0.3691403269767761,comparisons/scene_062_left.png,overlays/scene_062_left.png
62,d600eaa6cac05083,2021.07.24.16.07.03_veh-35,straight,3,right,2.219087600708008,9.854435920715332,12.52981185913086,0.7092783451080322,0.5953086614608765,0.23931775987148285,comparisons/scene_062_right.png,overlays/scene_062_right.png
63,fab7ac3278c35521,2021.07.24.16.07.03_veh-35,left_turn,0,front,1.9436802864074707,8.086556434631348,13.882305145263672,0.7705418467521667,0.5861542224884033,0.39050307869911194,comparisons/scene_063_front.png,overlays/scene_063_front.png
63,fab7ac3278c35521,2021.07.24.16.07.03_veh-35,left_turn,1,back,1.8868008852005005,6.382122039794922,13.623811721801758,0.7052798271179199,0.513321578502655,0.37379926443099976,comparisons/scene_063_back.png,overlays/scene_063_back.png
63,fab7ac3278c35521,2021.07.24.16.07.03_veh-35,left_turn,2,left,2.443056583404541,15.187602996826172,10.441827774047852,0.6390072107315063,0.4448910653591156,0.337898850440979,comparisons/scene_063_left.png,overlays/scene_063_left.png
63,fab7ac3278c35521,2021.07.24.16.07.03_veh-35,left_turn,3,right,1.9403293132781982,8.086414337158203,19.859344482421875,0.587985098361969,0.2897423505783081,0.39141857624053955,comparisons/scene_063_right.png,overlays/scene_063_right.png
64,0154b4928cde52bb,2021.08.17.14.32.33_veh-08,straight,0,front,2.2848730087280273,10.700828552246094,13.187423706054688,0.6111875772476196,0.3851611316204071,0.315823495388031,comparisons/scene_064_front.png,overlays/scene_064_front.png
64,0154b4928cde52bb,2021.08.17.14.32.33_veh-08,straight,1,back,2.1313228607177734,10.719911575317383,11.073199272155762,0.6611256003379822,0.45866715908050537,0.26951712369918823,comparisons/scene_064_back.png,overlays/scene_064_back.png
64,0154b4928cde52bb,2021.08.17.14.32.33_veh-08,straight,2,left,2.332052230834961,13.973686218261719,12.87421703338623,0.7069137692451477,0.7055641412734985,0.18541023135185242,comparisons/scene_064_left.png,overlays/scene_064_left.png
64,0154b4928cde52bb,2021.08.17.14.32.33_veh-08,straight,3,right,1.80484938621521,4.916347980499268,15.215871810913086,0.5122114419937134,0.4179062843322754,0.2720754146575928,comparisons/scene_064_right.png,overlays/scene_064_right.png
65,cc74833dde2a5fbf,2021.08.17.14.32.33_veh-08,right_turn,0,front,1.932878017425537,7.400998115539551,15.89724349975586,0.5959694385528564,0.4045202136039734,0.285885751247406,comparisons/scene_065_front.png,overlays/scene_065_front.png
65,cc74833dde2a5fbf,2021.08.17.14.32.33_veh-08,right_turn,1,back,1.930998682975769,12.662449836730957,12.651556968688965,0.612964391708374,0.3840888440608978,0.30664047598838806,comparisons/scene_065_back.png,overlays/scene_065_back.png
65,cc74833dde2a5fbf,2021.08.17.14.32.33_veh-08,right_turn,2,left,2.497251033782959,17.636882781982422,19.790348052978516,0.6970875263214111,0.4897325336933136,0.2710590362548828,comparisons/scene_065_left.png,overlays/scene_065_left.png
65,cc74833dde2a5fbf,2021.08.17.14.32.33_veh-08,right_turn,3,right,2.0986006259918213,7.205960273742676,12.34091567993164,0.597468912601471,0.5458412170410156,0.13727402687072754,comparisons/scene_065_right.png,overlays/scene_065_right.png
66,525852ca88245a26,2021.08.17.14.32.33_veh-08,left_turn,0,front,2.6385092735290527,20.288911819458008,13.727269172668457,0.6434364914894104,0.6529750823974609,0.2873396873474121,comparisons/scene_066_front.png,overlays/scene_066_front.png
66,525852ca88245a26,2021.08.17.14.32.33_veh-08,left_turn,1,back,2.220287799835205,9.6594877243042,12.334146499633789,0.6254979968070984,0.48736193776130676,0.2752211093902588,comparisons/scene_066_back.png,overlays/scene_066_back.png
66,525852ca88245a26,2021.08.17.14.32.33_veh-08,left_turn,2,left,2.4521563053131104,12.197818756103516,15.935981750488281,0.584295928478241,0.6197900176048279,0.2752881646156311,comparisons/scene_066_left.png,overlays/scene_066_left.png
66,525852ca88245a26,2021.08.17.14.32.33_veh-08,left_turn,3,right,2.3968114852905273,9.380349159240723,13.362242698669434,0.546573281288147,0.38581520318984985,0.23194187879562378,comparisons/scene_066_right.png,overlays/scene_066_right.png
67,ea09a393ea6f5fb0,2021.08.17.14.32.33_veh-08,straight,0,front,1.7004388570785522,7.376765727996826,13.231145858764648,0.7128685116767883,0.3965054154396057,0.483964204788208,comparisons/scene_067_front.png,overlays/scene_067_front.png
67,ea09a393ea6f5fb0,2021.08.17.14.32.33_veh-08,straight,1,back,2.1716771125793457,8.174530982971191,15.183316230773926,0.5859314799308777,0.33647778630256653,0.3200286626815796,comparisons/scene_067_back.png,overlays/scene_067_back.png
67,ea09a393ea6f5fb0,2021.08.17.14.32.33_veh-08,straight,2,left,2.2082488536834717,5.666744232177734,20.688491821289062,0.5375488996505737,0.2797330319881439,0.3308318853378296,comparisons/scene_067_left.png,overlays/scene_067_left.png
67,ea09a393ea6f5fb0,2021.08.17.14.32.33_veh-08,straight,3,right,2.1905319690704346,6.62641716003418,17.141155242919922,0.5428332090377808,0.42663872241973877,0.2791982889175415,comparisons/scene_067_right.png,overlays/scene_067_right.png
68,05ea83c7d41d5226,2021.08.17.16.48.45_veh-43,straight,0,front,2.2736544609069824,5.848603248596191,16.45172691345215,0.6075089573860168,0.46270492672920227,0.25794926285743713,comparisons/scene_068_front.png,overlays/scene_068_front.png
68,05ea83c7d41d5226,2021.08.17.16.48.45_veh-43,straight,1,back,2.4826061725616455,18.269804000854492,14.845274925231934,0.6393048167228699,0.560028076171875,0.23676404356956482,comparisons/scene_068_back.png,overlays/scene_068_back.png
68,05ea83c7d41d5226,2021.08.17.16.48.45_veh-43,straight,2,left,2.2890138626098633,5.865955352783203,17.15654754638672,0.6399281024932861,0.5180215239524841,0.24534639716148376,comparisons/scene_068_left.png,overlays/scene_068_left.png
68,05ea83c7d41d5226,2021.08.17.16.48.45_veh-43,straight,3,right,2.055009126663208,6.3679609298706055,15.056514739990234,0.44729363918304443,0.43092674016952515,0.24100688099861145,comparisons/scene_068_right.png,overlays/scene_068_right.png
69,1244e29b3a6e588a,2021.08.17.16.48.45_veh-43,left_turn,0,front,2.168313980102539,11.989035606384277,16.604652404785156,0.6224005222320557,0.3760899007320404,0.3581475615501404,comparisons/scene_069_front.png,overlays/scene_069_front.png
69,1244e29b3a6e588a,2021.08.17.16.48.45_veh-43,left_turn,1,back,2.354811668395996,10.167990684509277,15.107215881347656,0.7423466444015503,0.5153743028640747,0.29914212226867676,comparisons/scene_069_back.png,overlays/scene_069_back.png
69,1244e29b3a6e588a,2021.08.17.16.48.45_veh-43,left_turn,2,left,2.7416577339172363,15.172346115112305,16.332685470581055,0.49237656593322754,0.47780999541282654,0.24990545213222504,comparisons/scene_069_left.png,overlays/scene_069_left.png
69,1244e29b3a6e588a,2021.08.17.16.48.45_veh-43,left_turn,3,right,2.2626380920410156,9.769579887390137,14.37742805480957,0.5110316872596741,0.32825329899787903,0.3134124279022217,comparisons/scene_069_right.png,overlays/scene_069_right.png
70,e35e047c6fb15706,2021.08.17.16.48.45_veh-43,right_turn,0,front,2.8694849014282227,10.66444206237793,17.40185546875,0.5941641330718994,0.496166467666626,0.3258885145187378,comparisons/scene_070_front.png,overlays/scene_070_front.png
70,e35e047c6fb15706,2021.08.17.16.48.45_veh-43,right_turn,1,back,2.4155540466308594,12.031920433044434,13.247447967529297,0.570287823677063,0.5195603966712952,0.21121394634246826,comparisons/scene_070_back.png,overlays/scene_070_back.png
70,e35e047c6fb15706,2021.08.17.16.48.45_veh-43,right_turn,2,left,1.8479801416397095,7.482301235198975,12.795272827148438,0.5258248448371887,0.4705897569656372,0.2519116997718811,comparisons/scene_070_left.png,overlays/scene_070_left.png
70,e35e047c6fb15706,2021.08.17.16.48.45_veh-43,right_turn,3,right,2.4711503982543945,9.010269165039062,15.700077056884766,0.6062074303627014,0.4892067611217499,0.21170535683631897,comparisons/scene_070_right.png,overlays/scene_070_right.png
71,30cc91dc68575362,2021.08.17.16.48.45_veh-43,straight,0,front,2.499652862548828,10.481202125549316,15.94843864440918,0.683911144733429,0.43742167949676514,0.2947852611541748,comparisons/scene_071_front.png,overlays/scene_071_front.png
71,30cc91dc68575362,2021.08.17.16.48.45_veh-43,straight,1,back,2.905816078186035,11.968633651733398,15.560449600219727,0.4889882206916809,0.5750910043716431,0.2059391438961029,comparisons/scene_071_back.png,overlays/scene_071_back.png
71,30cc91dc68575362,2021.08.17.16.48.45_veh-43,straight,2,left,2.3763604164123535,13.727009773254395,14.830425262451172,0.5878843665122986,0.4773145318031311,0.23530679941177368,comparisons/scene_071_left.png,overlays/scene_071_left.png
71,30cc91dc68575362,2021.08.17.16.48.45_veh-43,straight,3,right,2.2156825065612793,9.147185325622559,17.597379684448242,0.5731860399246216,0.5569443702697754,0.2855410873889923,comparisons/scene_071_right.png,overlays/scene_071_right.png
72,487e3708e7905cde,2021.08.17.19.18.39_veh-08,left_turn,0,front,2.3054561614990234,13.125484466552734,16.16080093383789,0.5013240575790405,0.2810527980327606,0.3485272228717804,comparisons/scene_072_front.png,overlays/scene_072_front.png
72,487e3708e7905cde,2021.08.17.19.18.39_veh-08,left_turn,1,back,2.0645928382873535,7.430160045623779,14.95979118347168,0.5407502055168152,0.21955978870391846,0.4410357177257538,comparisons/scene_072_back.png,overlays/scene_072_back.png
72,487e3708e7905cde,2021.08.17.19.18.39_veh-08,left_turn,2,left,2.168741464614868,8.393756866455078,18.015594482421875,0.6224191784858704,0.2753503620624542,0.4579414129257202,comparisons/scene_072_left.png,overlays/scene_072_left.png
72,487e3708e7905cde,2021.08.17.19.18.39_veh-08,left_turn,3,right,2.1228489875793457,7.383728981018066,15.375231742858887,0.42581668496131897,0.23505234718322754,0.2874484360218048,comparisons/scene_072_right.png,overlays/scene_072_right.png
73,ece60c6787085f75,2021.08.17.19.18.39_veh-08,straight,0,front,2.0944433212280273,12.537245750427246,16.926536560058594,0.6465358138084412,0.46472394466400146,0.29275834560394287,comparisons/scene_073_front.png,overlays/scene_073_front.png
73,ece60c6787085f75,2021.08.17.19.18.39_veh-08,straight,1,back,2.2584054470062256,9.156299591064453,23.012317657470703,0.38245582580566406,0.28242501616477966,0.23281651735305786,comparisons/scene_073_back.png,overlays/scene_073_back.png
73,ece60c6787085f75,2021.08.17.19.18.39_veh-08,straight,2,left,2.223573684692383,11.619853019714355,19.094802856445312,0.6520743370056152,0.3961678743362427,0.3468686044216156,comparisons/scene_073_left.png,overlays/scene_073_left.png
73,ece60c6787085f75,2021.08.17.19.18.39_veh-08,straight,3,right,2.4444632530212402,11.634801864624023,17.869060516357422,0.5591519474983215,0.3797798752784729,0.3694588541984558,comparisons/scene_073_right.png,overlays/scene_073_right.png
74,349f941ae5f25431,2021.08.17.19.18.39_veh-08,straight,0,front,2.523314952850342,13.394397735595703,13.332232475280762,0.5319763422012329,0.4211868941783905,0.21238666772842407,comparisons/scene_074_front.png,overlays/scene_074_front.png
74,349f941ae5f25431,2021.08.17.19.18.39_veh-08,straight,1,back,2.224302053451538,9.904497146606445,15.174500465393066,0.5102065801620483,0.44573336839675903,0.21431800723075867,comparisons/scene_074_back.png,overlays/scene_074_back.png
74,349f941ae5f25431,2021.08.17.19.18.39_veh-08,straight,2,left,2.380898952484131,12.9924898147583,13.403301239013672,0.7564936876296997,0.6441547274589539,0.26762232184410095,comparisons/scene_074_left.png,overlays/scene_074_left.png
74,349f941ae5f25431,2021.08.17.19.18.39_veh-08,straight,3,right,2.4708123207092285,7.359521865844727,14.358451843261719,0.4779016673564911,0.307772696018219,0.27330338954925537,comparisons/scene_074_right.png,overlays/scene_074_right.png
75,efbb5775296a5786,2021.08.17.19.18.39_veh-08,right_turn,0,front,2.2837657928466797,11.20715618133545,15.79953670501709,0.4163033366203308,0.3425833582878113,0.22973763942718506,comparisons/scene_075_front.png,overlays/scene_075_front.png
75,efbb5775296a5786,2021.08.17.19.18.39_veh-08,right_turn,1,back,2.39804744720459,11.292288780212402,20.18859100341797,0.6118494868278503,0.43520474433898926,0.31418377161026,comparisons/scene_075_back.png,overlays/scene_075_back.png
75,efbb5775296a5786,2021.08.17.19.18.39_veh-08,right_turn,2,left,2.3461899757385254,9.211152076721191,15.989507675170898,0.39412128925323486,0.2842034697532654,0.2133871465921402,comparisons/scene_075_left.png,overlays/scene_075_left.png
75,efbb5775296a5786,2021.08.17.19.18.39_veh-08,right_turn,3,right,2.2756505012512207,13.378193855285645,13.97996711730957,0.48981091380119324,0.3099044859409332,0.2987171411514282,comparisons/scene_075_right.png,overlays/scene_075_right.png
76,95a6970bae4f57a2,2021.08.31.17.42.52_veh-40,left_turn,0,front,1.9762229919433594,7.4692702293396,17.036048889160156,0.5936048626899719,0.39351269602775574,0.2641846835613251,comparisons/scene_076_front.png,overlays/scene_076_front.png
76,95a6970bae4f57a2,2021.08.31.17.42.52_veh-40,left_turn,1,back,1.7023441791534424,6.828469276428223,14.00760269165039,0.6273941993713379,0.2970031797885895,0.3832683563232422,comparisons/scene_076_back.png,overlays/scene_076_back.png
76,95a6970bae4f57a2,2021.08.31.17.42.52_veh-40,left_turn,2,left,2.0217559337615967,5.878593921661377,12.348291397094727,0.5962116122245789,0.36217427253723145,0.28223907947540283,comparisons/scene_076_left.png,overlays/scene_076_left.png
76,95a6970bae4f57a2,2021.08.31.17.42.52_veh-40,left_turn,3,right,1.7069802284240723,8.034479141235352,12.371427536010742,0.6090006232261658,0.3490310609340668,0.3184264898300171,comparisons/scene_076_right.png,overlays/scene_076_right.png
77,af839b7d903d5458,2021.08.31.17.42.52_veh-40,straight,0,front,2.0092101097106934,9.948091506958008,12.359914779663086,0.6801923513412476,0.40081971883773804,0.4151116609573364,comparisons/scene_077_front.png,overlays/scene_077_front.png
77,af839b7d903d5458,2021.08.31.17.42.52_veh-40,straight,1,back,2.231938362121582,6.902082443237305,14.382123947143555,0.5231238603591919,0.4668235182762146,0.2559562623500824,comparisons/scene_077_back.png,overlays/scene_077_back.png
77,af839b7d903d5458,2021.08.31.17.42.52_veh-40,straight,2,left,2.2339487075805664,6.436546325683594,19.04477310180664,0.5064281225204468,0.34235066175460815,0.30841219425201416,comparisons/scene_077_left.png,overlays/scene_077_left.png
77,af839b7d903d5458,2021.08.31.17.42.52_veh-40,straight,3,right,1.702846646308899,5.830536365509033,12.146561622619629,0.6650010943412781,0.4648146629333496,0.319701224565506,comparisons/scene_077_right.png,overlays/scene_077_right.png
78,98858b485ade5b47,2021.08.31.17.42.52_veh-40,straight,0,front,2.7227487564086914,15.516139030456543,12.999361991882324,0.6937315464019775,0.49103373289108276,0.28554612398147583,comparisons/scene_078_front.png,overlays/scene_078_front.png
78,98858b485ade5b47,2021.08.31.17.42.52_veh-40,straight,1,back,2.408316135406494,14.76959228515625,14.345451354980469,0.5106409788131714,0.4230000376701355,0.1998506337404251,comparisons/scene_078_back.png,overlays/scene_078_back.png
78,98858b485ade5b47,2021.08.31.17.42.52_veh-40,straight,2,left,2.2350785732269287,12.924307823181152,13.881403923034668,0.581322968006134,0.6570407152175903,0.2921488881111145,comparisons/scene_078_left.png,overlays/scene_078_left.png
78,98858b485ade5b47,2021.08.31.17.42.52_veh-40,straight,3,right,2.2012267112731934,11.039058685302734,14.382570266723633,0.6695065498352051,0.6175705194473267,0.27337703108787537,comparisons/scene_078_right.png,overlays/scene_078_right.png
79,9dfa8c7ecdfe5e32,2021.08.31.17.42.52_veh-40,right_turn,0,front,2.017827033996582,14.639259338378906,14.025388717651367,0.6149840354919434,0.4671974778175354,0.24982605874538422,comparisons/scene_079_front.png,overlays/scene_079_front.png
79,9dfa8c7ecdfe5e32,2021.08.31.17.42.52_veh-40,right_turn,1,back,2.2321555614471436,16.37759780883789,12.286766052246094,0.5262303948402405,0.3154447078704834,0.29166579246520996,comparisons/scene_079_back.png,overlays/scene_079_back.png
79,9dfa8c7ecdfe5e32,2021.08.31.17.42.52_veh-40,right_turn,2,left,2.2372169494628906,13.275313377380371,13.844619750976562,0.5721063613891602,0.5500964522361755,0.15931953489780426,comparisons/scene_079_left.png,overlays/scene_079_left.png
79,9dfa8c7ecdfe5e32,2021.08.31.17.42.52_veh-40,right_turn,3,right,2.443423271179199,14.77119255065918,15.739501953125,0.5742435455322266,0.5231960415840149,0.21602870523929596,comparisons/scene_079_right.png,overlays/scene_079_right.png
80,2754ab87df25534c,2021.10.05.08.11.15_veh-50,left_turn,0,front,2.6580638885498047,7.023249626159668,17.377967834472656,0.5011152029037476,0.5034293532371521,0.22052231431007385,comparisons/scene_080_front.png,overlays/scene_080_front.png
80,2754ab87df25534c,2021.10.05.08.11.15_veh-50,left_turn,1,back,2.44416880607605,8.520804405212402,22.67507553100586,0.5712032318115234,0.44828060269355774,0.21966183185577393,comparisons/scene_080_back.png,overlays/scene_080_back.png
80,2754ab87df25534c,2021.10.05.08.11.15_veh-50,left_turn,2,left,1.9366235733032227,6.3585429191589355,18.720279693603516,0.6589888334274292,0.6140793561935425,0.2305109202861786,comparisons/scene_080_left.png,overlays/scene_080_left.png
80,2754ab87df25534c,2021.10.05.08.11.15_veh-50,left_turn,3,right,1.898881435394287,9.689497947692871,14.928119659423828,0.6858006119728088,0.5223322510719299,0.25588566064834595,comparisons/scene_080_right.png,overlays/scene_080_right.png
81,4c58f7d8218251d0,2021.10.05.08.11.15_veh-50,straight,0,front,2.2885384559631348,8.7193021774292,13.494108200073242,0.6376226544380188,0.47539958357810974,0.26620200276374817,comparisons/scene_081_front.png,overlays/scene_081_front.png
81,4c58f7d8218251d0,2021.10.05.08.11.15_veh-50,straight,1,back,2.374175548553467,13.78979778289795,13.616067886352539,0.6616320013999939,0.6212409138679504,0.2927494943141937,comparisons/scene_081_back.png,overlays/scene_081_back.png
81,4c58f7d8218251d0,2021.10.05.08.11.15_veh-50,straight,2,left,2.136094570159912,9.207906723022461,15.227046966552734,0.6574773788452148,0.6473250389099121,0.24129807949066162,comparisons/scene_081_left.png,overlays/scene_081_left.png
81,4c58f7d8218251d0,2021.10.05.08.11.15_veh-50,straight,3,right,1.9959766864776611,8.903828620910645,15.036222457885742,0.6262134313583374,0.45580190420150757,0.3533709645271301,comparisons/scene_081_right.png,overlays/scene_081_right.png
82,6ff24958dae5512a,2021.10.05.08.11.15_veh-50,left_turn,0,front,2.03757643699646,5.7708868980407715,14.571624755859375,0.6418638229370117,0.4619253873825073,0.3279476463794708,comparisons/scene_082_front.png,overlays/scene_082_front.png
82,6ff24958dae5512a,2021.10.05.08.11.15_veh-50,left_turn,1,back,2.7628612518310547,11.54543685913086,20.469181060791016,0.6035075783729553,0.4806596338748932,0.29725581407546997,comparisons/scene_082_back.png,overlays/scene_082_back.png
82,6ff24958dae5512a,2021.10.05.08.11.15_veh-50,left_turn,2,left,3.083881378173828,12.251516342163086,19.237289428710938,0.5482861995697021,0.5446230173110962,0.15320253372192383,comparisons/scene_082_left.png,overlays/scene_082_left.png
82,6ff24958dae5512a,2021.10.05.08.11.15_veh-50,left_turn,3,right,2.10793137550354,6.774251937866211,15.836649894714355,0.5418447256088257,0.5568661093711853,0.31273964047431946,comparisons/scene_082_right.png,overlays/scene_082_right.png
83,bbfb37562b8a5753,2021.10.05.08.11.15_veh-50,right_turn,0,front,1.70463228225708,6.40696907043457,14.826679229736328,0.7047817707061768,0.45843809843063354,0.4033620059490204,comparisons/scene_083_front.png,overlays/scene_083_front.png
83,bbfb37562b8a5753,2021.10.05.08.11.15_veh-50,right_turn,1,back,2.142343282699585,14.746572494506836,17.789562225341797,0.6160610914230347,0.4745790660381317,0.2610411047935486,comparisons/scene_083_back.png,overlays/scene_083_back.png
83,bbfb37562b8a5753,2021.10.05.08.11.15_veh-50,right_turn,2,left,2.101238250732422,12.910697937011719,18.031587600708008,0.5772773027420044,0.6133359670639038,0.23093046247959137,comparisons/scene_083_left.png,overlays/scene_083_left.png
83,bbfb37562b8a5753,2021.10.05.08.11.15_veh-50,right_turn,3,right,2.281276226043701,11.821209907531738,14.489250183105469,0.6071073412895203,0.4839676022529602,0.31331586837768555,comparisons/scene_083_right.png,overlays/scene_083_right.png
84,4f7e4e373d59537d,2021.10.06.18.52.07_veh-28,right_turn,0,front,3.14084529876709,21.910694122314453,15.42872142791748,0.5954923033714294,0.3097188472747803,0.35685980319976807,comparisons/scene_084_front.png,overlays/scene_084_front.png
84,4f7e4e373d59537d,2021.10.06.18.52.07_veh-28,right_turn,1,back,1.9691778421401978,14.116509437561035,9.874724388122559,0.6070752739906311,0.37342673540115356,0.34622934460639954,comparisons/scene_084_back.png,overlays/scene_084_back.png
84,4f7e4e373d59537d,2021.10.06.18.52.07_veh-28,right_turn,2,left,3.409795045852661,11.820425987243652,19.154293060302734,0.6577199697494507,0.3409523367881775,0.43736758828163147,comparisons/scene_084_left.png,overlays/scene_084_left.png
84,4f7e4e373d59537d,2021.10.06.18.52.07_veh-28,right_turn,3,right,1.7851808071136475,6.61123514175415,10.13137149810791,0.6368994116783142,0.4569501280784607,0.2619067430496216,comparisons/scene_084_right.png,overlays/scene_084_right.png
85,1eb61067b60c5c39,2021.10.06.18.52.07_veh-28,straight,0,front,1.7834872007369995,12.878694534301758,8.845535278320312,0.8309811949729919,0.46630433201789856,0.3898904025554657,comparisons/scene_085_front.png,overlays/scene_085_front.png
85,1eb61067b60c5c39,2021.10.06.18.52.07_veh-28,straight,1,back,1.616154670715332,4.852533340454102,12.372716903686523,0.6584148406982422,0.4707877039909363,0.3085167407989502,comparisons/scene_085_back.png,overlays/scene_085_back.png
85,1eb61067b60c5c39,2021.10.06.18.52.07_veh-28,straight,2,left,1.6613315343856812,6.8371992111206055,13.732792854309082,0.692785918712616,0.59381502866745,0.23664915561676025,comparisons/scene_085_left.png,overlays/scene_085_left.png
85,1eb61067b60c5c39,2021.10.06.18.52.07_veh-28,straight,3,right,1.6030282974243164,5.95420503616333,8.761838912963867,0.7315568923950195,0.17027083039283752,0.5673011541366577,comparisons/scene_085_right.png,overlays/scene_085_right.png
86,562522d267b7515a,2021.10.06.18.52.07_veh-28,left_turn,0,front,1.679948091506958,7.766207218170166,11.82794189453125,0.8134305477142334,0.4956098794937134,0.4278033971786499,comparisons/scene_086_front.png,overlays/scene_086_front.png
86,562522d267b7515a,2021.10.06.18.52.07_veh-28,left_turn,1,back,2.260714054107666,9.058711051940918,13.048317909240723,0.7924731373786926,0.3382038176059723,0.5326131582260132,comparisons/scene_086_back.png,overlays/scene_086_back.png
86,562522d267b7515a,2021.10.06.18.52.07_veh-28,left_turn,2,left,2.2670764923095703,9.52492618560791,13.010907173156738,0.7403945922851562,0.4022209346294403,0.49165987968444824,comparisons/scene_086_left.png,overlays/scene_086_left.png
86,562522d267b7515a,2021.10.06.18.52.07_veh-28,left_turn,3,right,2.404942512512207,6.289287090301514,12.87932300567627,0.8114955425262451,0.382224440574646,0.44681400060653687,comparisons/scene_086_right.png,overlays/scene_086_right.png
87,89256da7d2715748,2021.10.06.18.52.07_veh-28,straight,0,front,2.3875732421875,16.695117950439453,12.813883781433105,0.5811841487884521,0.3525603115558624,0.3407554626464844,comparisons/scene_087_front.png,overlays/scene_087_front.png
87,89256da7d2715748,2021.10.06.18.52.07_veh-28,straight,1,back,2.4624013900756836,9.541319847106934,14.116559982299805,0.6763433218002319,0.489723801612854,0.3462172746658325,comparisons/scene_087_back.png,overlays/scene_087_back.png
87,89256da7d2715748,2021.10.06.18.52.07_veh-28,straight,2,left,2.383443832397461,7.459081172943115,12.289026260375977,0.6101622581481934,0.4702466130256653,0.3087029457092285,comparisons/scene_087_left.png,overlays/scene_087_left.png
87,89256da7d2715748,2021.10.06.18.52.07_veh-28,straight,3,right,3.8044676780700684,11.559886932373047,22.958065032958984,0.2960382103919983,0.09032352268695831,0.23852941393852234,comparisons/scene_087_right.png,overlays/scene_087_right.png
88,e909cae9ee81593c,2021.10.11.07.12.18_veh-50,right_turn,0,front,1.6847927570343018,5.876667022705078,7.471152305603027,0.6254736185073853,0.34407901763916016,0.3550449311733246,comparisons/scene_088_front.png,overlays/scene_088_front.png
88,e909cae9ee81593c,2021.10.11.07.12.18_veh-50,right_turn,1,back,2.502488136291504,9.002324104309082,14.890314102172852,0.7654083371162415,0.633330225944519,0.19843092560768127,comparisons/scene_088_back.png,overlays/scene_088_back.png
88,e909cae9ee81593c,2021.10.11.07.12.18_veh-50,right_turn,2,left,2.8000526428222656,11.942057609558105,13.857839584350586,0.48532119393348694,0.3546721935272217,0.22824500501155853,comparisons/scene_088_left.png,overlays/scene_088_left.png
88,e909cae9ee81593c,2021.10.11.07.12.18_veh-50,right_turn,3,right,2.3410418033599854,8.227252960205078,15.3673095703125,0.4659369885921478,0.2887941896915436,0.36369627714157104,comparisons/scene_088_right.png,overlays/scene_088_right.png
89,c027a5b9300d58d7,2021.10.11.07.12.18_veh-50,left_turn,0,front,1.8346946239471436,8.91341495513916,16.829925537109375,0.5438786149024963,0.5352156758308411,0.22440722584724426,comparisons/scene_089_front.png,overlays/scene_089_front.png
89,c027a5b9300d58d7,2021.10.11.07.12.18_veh-50,left_turn,1,back,1.9802701473236084,5.682147979736328,15.862793922424316,0.7538033127784729,0.6777475476264954,0.18551740050315857,comparisons/scene_089_back.png,overlays/scene_089_back.png
89,c027a5b9300d58d7,2021.10.11.07.12.18_veh-50,left_turn,2,left,2.2780866622924805,7.105384826660156,16.784221649169922,0.5437710285186768,0.5621786713600159,0.18361663818359375,comparisons/scene_089_left.png,overlays/scene_089_left.png
89,c027a5b9300d58d7,2021.10.11.07.12.18_veh-50,left_turn,3,right,1.7809635400772095,7.4107279777526855,16.675277709960938,0.6543285250663757,0.5155631303787231,0.26916608214378357,comparisons/scene_089_right.png,overlays/scene_089_right.png
90,75046d0fb71e5323,2021.10.11.07.12.18_veh-50,straight,0,front,2.667625665664673,7.3798909187316895,15.567450523376465,0.5928048491477966,0.5586750507354736,0.3067306876182556,comparisons/scene_090_front.png,overlays/scene_090_front.png
90,75046d0fb71e5323,2021.10.11.07.12.18_veh-50,straight,1,back,2.8882393836975098,9.9057035446167,14.902814865112305,0.5992618799209595,0.6011750102043152,0.30547428131103516,comparisons/scene_090_back.png,overlays/scene_090_back.png
90,75046d0fb71e5323,2021.10.11.07.12.18_veh-50,straight,2,left,2.062910795211792,8.855718612670898,19.85720443725586,0.6466658711433411,0.6086020469665527,0.22504349052906036,comparisons/scene_090_left.png,overlays/scene_090_left.png
90,75046d0fb71e5323,2021.10.11.07.12.18_veh-50,straight,3,right,3.1878910064697266,10.052129745483398,14.96230697631836,0.6218814849853516,0.45957493782043457,0.28218820691108704,comparisons/scene_090_right.png,overlays/scene_090_right.png
91,a867a86699555a7c,2021.10.11.07.12.18_veh-50,left_turn,0,front,2.420531749725342,9.18664264678955,16.43927001953125,0.5424996614456177,0.4633857011795044,0.20309442281723022,comparisons/scene_091_front.png,overlays/scene_091_front.png
91,a867a86699555a7c,2021.10.11.07.12.18_veh-50,left_turn,1,back,2.7382562160491943,6.182293891906738,19.537822723388672,0.31088438630104065,0.1656402200460434,0.22800467908382416,comparisons/scene_091_back.png,overlays/scene_091_back.png
91,a867a86699555a7c,2021.10.11.07.12.18_veh-50,left_turn,2,left,2.271413564682007,9.555318832397461,14.838154792785645,0.4814193844795227,0.5273413062095642,0.21271231770515442,comparisons/scene_091_left.png,overlays/scene_091_left.png
91,a867a86699555a7c,2021.10.11.07.12.18_veh-50,left_turn,3,right,2.527777671813965,15.178191184997559,13.007366180419922,0.5122084617614746,0.42372584342956543,0.29298073053359985,comparisons/scene_091_right.png,overlays/scene_091_right.png
92,4d37ca1d9c985401,2021.10.11.07.47.13_veh-50,straight,0,front,2.1686534881591797,9.968144416809082,11.027616500854492,0.7272407412528992,0.7008023262023926,0.1956886649131775,comparisons/scene_092_front.png,overlays/scene_092_front.png
92,4d37ca1d9c985401,2021.10.11.07.47.13_veh-50,straight,1,back,1.8945859670639038,7.214911460876465,12.593153953552246,0.665172815322876,0.6471570134162903,0.2518509328365326,comparisons/scene_092_back.png,overlays/scene_092_back.png
92,4d37ca1d9c985401,2021.10.11.07.47.13_veh-50,straight,2,left,2.8383426666259766,11.220047950744629,13.506484985351562,0.6666707992553711,0.644949197769165,0.22047600150108337,comparisons/scene_092_left.png,overlays/scene_092_left.png
92,4d37ca1d9c985401,2021.10.11.07.47.13_veh-50,straight,3,right,2.0203170776367188,7.960258960723877,15.69539737701416,0.6621133089065552,0.5317779779434204,0.220892071723938,comparisons/scene_092_right.png,overlays/scene_092_right.png
93,f1298e2cbf985cc9,2021.10.11.07.47.13_veh-50,left_turn,0,front,2.626987934112549,8.758699417114258,19.23784637451172,0.5474299788475037,0.35569819808006287,0.34606558084487915,comparisons/scene_093_front.png,overlays/scene_093_front.png
93,f1298e2cbf985cc9,2021.10.11.07.47.13_veh-50,left_turn,1,back,1.9451515674591064,12.545720100402832,13.559423446655273,0.7223122119903564,0.6625534296035767,0.23265963792800903,comparisons/scene_093_back.png,overlays/scene_093_back.png
93,f1298e2cbf985cc9,2021.10.11.07.47.13_veh-50,left_turn,2,left,2.5740487575531006,10.46205997467041,17.762344360351562,0.5580907464027405,0.49208348989486694,0.2534106969833374,comparisons/scene_093_left.png,overlays/scene_093_left.png
93,f1298e2cbf985cc9,2021.10.11.07.47.13_veh-50,left_turn,3,right,2.3789329528808594,13.571256637573242,17.59921646118164,0.6017931699752808,0.38900816440582275,0.31786179542541504,comparisons/scene_093_right.png,overlays/scene_093_right.png
94,5581c2f534ae5c69,2021.10.11.07.47.13_veh-50,right_turn,0,front,2.0693655014038086,7.129713535308838,20.978111267089844,0.6663080453872681,0.4695172607898712,0.2255895733833313,comparisons/scene_094_front.png,overlays/scene_094_front.png
94,5581c2f534ae5c69,2021.10.11.07.47.13_veh-50,right_turn,1,back,2.2574496269226074,16.890357971191406,14.458070755004883,0.693071722984314,0.5042911171913147,0.3268190622329712,comparisons/scene_094_back.png,overlays/scene_094_back.png
94,5581c2f534ae5c69,2021.10.11.07.47.13_veh-50,right_turn,2,left,2.2686052322387695,8.366327285766602,23.424789428710938,0.6349141597747803,0.6062827110290527,0.17680013179779053,comparisons/scene_094_left.png,overlays/scene_094_left.png
94,5581c2f534ae5c69,2021.10.11.07.47.13_veh-50,right_turn,3,right,2.1746668815612793,11.061237335205078,23.396038055419922,0.5942073464393616,0.4761929512023926,0.2496517151594162,comparisons/scene_094_right.png,overlays/scene_094_right.png
95,d4a5764b2fdc5938,2021.10.11.07.47.13_veh-50,left_turn,0,front,2.5751776695251465,9.639677047729492,17.067569732666016,0.48263370990753174,0.31945908069610596,0.28868964314460754,comparisons/scene_095_front.png,overlays/scene_095_front.png
95,d4a5764b2fdc5938,2021.10.11.07.47.13_veh-50,left_turn,1,back,3.0089292526245117,10.298723220825195,19.708904266357422,0.541180431842804,0.5095595121383667,0.20140309631824493,comparisons/scene_095_back.png,overlays/scene_095_back.png
95,d4a5764b2fdc5938,2021.10.11.07.47.13_veh-50,left_turn,2,left,2.491023063659668,8.349915504455566,16.35578727722168,0.4989403486251831,0.3481560945510864,0.3051249384880066,comparisons/scene_095_left.png,overlays/scene_095_left.png
95,d4a5764b2fdc5938,2021.10.11.07.47.13_veh-50,left_turn,3,right,3.155270576477051,12.651948928833008,17.152942657470703,0.5237227082252502,0.4552837014198303,0.2689149081707001,comparisons/scene_095_right.png,overlays/scene_095_right.png
