optimizer_updates,epoch_equivalent,pdms,scene_count
0,0.0,30.429934783442707,95
500,0.3097893432465923,63.40566448528888,95
1000,0.6195786864931846,67.83150517350948,95
1500,0.929368029739777,63.51965645981505,95
1614,1.0,67.98641646933137,95
2000,1.2391573729863692,70.16709244111213,95
2500,1.5489467162329615,72.92701236080623,95
3000,1.858736059479554,74.90627261087963,95
3228,2.0,74.57695425511515,95
3500,2.168525402726146,75.90393562155289,95
4000,2.4783147459727384,75.83029442259316,95
