completed_updates,previous_diagnostic_updates,center_mean_from_initial_px,center_max_from_initial_px,size_mean_from_initial_percent,presence_mean_from_initial,center_mean_from_previous_px,size_mean_from_previous_percent,object_readout_macro_f1
0,0,0.0,0.0,0.0,0.0,0.0,0.0,0.3798587565472067
100,0,0.009856763321817693,0.3113451600074768,0.08202107542696203,0.001728057114205835,0.009856763321817693,0.08202107542696203,0.36894260958779257
500,100,0.07453045957275133,1.6037684679031372,0.559179355112365,0.015459665958803845,0.0658506167473476,0.48173442009793943,0.3631571436965408
1000,500,0.6671712763752566,6.914094924926758,5.831096312524998,0.1852182545715589,0.6154919331576281,5.377451681381992,0.40072080799231147
1500,1000,1.0649782862470072,21.85508155822754,8.42501140113989,0.22892696661607403,0.7103898506427507,3.7289593681638658,0.4216118468172095
1614,1500,1.2360723921603285,23.090740203857422,7.714239762943932,0.22252702359949006,0.49932132537874924,2.237159413181333,0.420516964845237
2000,1614,1.385240939579603,23.82352066040039,10.878627518921713,0.26651086428444115,0.6516803284143009,4.714902325844034,0.4192690192690192
2500,2000,2.163300026955369,23.97576332092285,13.527439624373978,0.3087017593566652,1.2828440321584555,5.55933608132037,0.3862490958679707
3000,2500,1.8131586540486069,23.695846557617188,10.956574442136178,0.28227390315349027,0.8339882561003927,6.425769556922499,0.3935927294223674
